,eigVal,eigVec,Coupling coeff.,Ecm,XC,Ecm-XC
0,[1.371-0.00326162j 1.371-0.00011838j],"[[ 9.95556277e-01+0.j         -7.39686090e-15-0.09416846j]
 [ 0.00000000e+00+0.09416846j  9.95556277e-01+0.j        ]]",0.0003,(1.371-9e-05j),(1.371-9e-05j),0j
1,[1.371-0.00326066j 1.371-0.00011934j],"[[ 9.95405176e-01+0.j         -7.48533180e-16-0.09575247j]
 [ 0.00000000e+00+0.09575247j  9.95405176e-01+0.j        ]]",0.000305,(1.371-9e-05j),(1.371-9e-05j),0j
2,[1.371-0.00325968j 1.371-0.00012032j],"[[ 9.95251459e-01+0.j         -4.34813860e-15-0.09733721j]
 [ 0.00000000e+00+0.09733721j  9.95251459e-01+0.j        ]]",0.00031,(1.371-9e-05j),(1.371-9e-05j),0j
3,[1.371-0.00325869j 1.371-0.00012131j],"[[9.95095120e-01+0.j        2.77555756e-16-0.0989227j]
 [0.00000000e+00+0.0989227j 9.95095120e-01+0.j       ]]",0.00031499999999999996,(1.371-9e-05j),(1.371-9e-05j),0j
4,[1.371-0.00325767j 1.371-0.00012233j],"[[ 9.94936153e-01+0.j         -4.72538675e-15-0.10050896j]
 [ 0.00000000e+00+0.10050896j  9.94936153e-01+0.j        ]]",0.00031999999999999997,(1.371-9e-05j),(1.371-9e-05j),0j
5,[1.371-0.00325664j 1.371-0.00012336j],"[[9.94774551e-01+0.j       1.50504609e-14-0.102096j]
 [0.00000000e+00+0.102096j 9.94774551e-01+0.j      ]]",0.000325,(1.371-9e-05j),(1.371-9e-05j),0j
6,[1.371-0.0032556j 1.371-0.0001244j],"[[ 9.94610308e-01+0.j         -1.20514492e-14-0.10368382j]
 [ 0.00000000e+00+0.10368382j  9.94610308e-01+0.j        ]]",0.00033,(1.371-9e-05j),(1.371-9e-05j),0j
7,[1.371-0.00325454j 1.371-0.00012546j],"[[9.94443417e-01+0.j         7.90480962e-15-0.10527246j]
 [0.00000000e+00+0.10527246j 9.94443417e-01+0.j        ]]",0.00033499999999999996,(1.371-9e-05j),(1.371-9e-05j),0j
8,[1.371-0.00325346j 1.371-0.00012654j],"[[ 9.94273872e-01+0.j        -1.01480239e-14-0.1068619j]
 [ 0.00000000e+00+0.1068619j  9.94273872e-01+0.j       ]]",0.00033999999999999997,(1.371-9e-05j),(1.371-9e-05j),0j
9,[1.371-0.00325236j 1.371-0.00012764j],"[[9.94101666e-01+0.j         1.34614542e-15-0.10845219j]
 [0.00000000e+00+0.10845219j 9.94101666e-01+0.j        ]]",0.000345,(1.371-9e-05j),(1.371-9e-05j),0j
10,[1.371-0.00325125j 1.371-0.00012875j],"[[ 9.93926792e-01+0.j         -5.15657395e-15-0.11004332j]
 [ 0.00000000e+00+0.11004332j  9.93926792e-01+0.j        ]]",0.00035,(1.371-9e-05j),(1.371-9e-05j),0j
11,[1.371-0.00325012j 1.371-0.00012988j],"[[ 9.93749243e-01+0.j         -4.76712853e-15-0.11163531j]
 [ 0.00000000e+00+0.11163531j  9.93749243e-01+0.j        ]]",0.00035499999999999996,(1.371-9e-05j),(1.371-9e-05j),0j
12,[1.371-0.00324897j 1.371-0.00013103j],"[[9.93569012e-01+0.j         5.85957064e-15-0.11322817j]
 [0.00000000e+00+0.11322817j 9.93569012e-01+0.j        ]]",0.00035999999999999997,(1.371-9e-05j),(1.371-9e-05j),0j
13,[1.371-0.00324781j 1.371-0.00013219j],"[[9.93386091e-01+0.j         4.24660307e-15-0.11482192j]
 [0.00000000e+00+0.11482192j 9.93386091e-01+0.j        ]]",0.000365,(1.371-9e-05j),(1.371-9e-05j),0j
14,[1.371-0.00324663j 1.371-0.00013337j],"[[9.93200473e-01+0.j         6.76683102e-15-0.11641658j]
 [0.00000000e+00+0.11641658j 9.93200473e-01+0.j        ]]",0.00037,(1.371-9e-05j),(1.371-9e-05j),0j
15,[1.371-0.00324543j 1.371-0.00013457j],"[[ 9.93012151e-01+0.j         -3.73312492e-15-0.11801215j]
 [ 0.00000000e+00+0.11801215j  9.93012151e-01+0.j        ]]",0.000375,(1.371-9e-05j),(1.371-9e-05j),0j
16,[1.371-0.00324422j 1.371-0.00013578j],"[[ 9.92821116e-01+0.j         -5.53723734e-15-0.11960866j]
 [ 0.00000000e+00+0.11960866j  9.92821116e-01+0.j        ]]",0.00037999999999999997,(1.371-9e-05j),(1.371-9e-05j),0j
17,[1.371-0.00324299j 1.371-0.00013701j],"[[ 9.92627362e-01+0.j         -6.12010442e-15-0.12120611j]
 [ 0.00000000e+00+0.12120611j  9.92627362e-01+0.j        ]]",0.000385,(1.371-9e-05j),(1.371-9e-05j),0j
18,[1.371-0.00324174j 1.371-0.00013826j],"[[ 9.92430879e-01+0.j         -1.08949308e-14-0.12280452j]
 [ 0.00000000e+00+0.12280452j  9.92430879e-01+0.j        ]]",0.00039,(1.371-9e-05j),(1.371-9e-05j),0j
19,[1.371-0.00324048j 1.371-0.00013952j],"[[ 9.92231660e-01+0.j         -7.52956725e-15-0.12440391j]
 [ 0.00000000e+00+0.12440391j  9.92231660e-01+0.j        ]]",0.00039499999999999995,(1.371-9e-05j),(1.371-9e-05j),0j
20,[1.371-0.00323919j 1.371-0.00014081j],"[[9.92029696e-01+0.j         1.20823490e-15-0.12600429j]
 [0.00000000e+00+0.12600429j 9.92029696e-01+0.j        ]]",0.00039999999999999996,(1.371-9e-05j),(1.371-9e-05j),0j
21,[1.371-0.00323789j 1.371-0.00014211j],"[[9.9182498e-01+0.j         8.6528007e-15-0.12760568j]
 [0.0000000e+00+0.12760568j 9.9182498e-01+0.j        ]]",0.000405,(1.371-9e-05j),(1.371-9e-05j),0j
22,[1.371-0.00323658j 1.371-0.00014342j],"[[ 9.91617502e-01+0.j         -7.91467586e-15-0.12920809j]
 [ 0.00000000e+00+0.12920809j  9.91617502e-01+0.j        ]]",0.00041,(1.371-9e-05j),(1.371-9e-05j),0j
23,[1.371-0.00323524j 1.371-0.00014476j],"[[ 9.91407254e-01+0.j         -1.47885176e-15-0.13081153j]
 [ 0.00000000e+00+0.13081153j  9.91407254e-01+0.j        ]]",0.000415,(1.371-9e-05j),(1.371-9e-05j),0j
24,[1.371-0.00323389j 1.371-0.00014611j],"[[ 9.91194227e-01+0.j         -2.50910404e-14-0.13241603j]
 [ 0.00000000e+00+0.13241603j  9.91194227e-01+0.j        ]]",0.00042,(1.371-9e-05j),(1.371-9e-05j),0j
25,[1.371-0.00323252j 1.371-0.00014748j],"[[ 9.90978413e-01+0.j         -9.40480333e-15-0.13402159j]
 [ 0.00000000e+00+0.13402159j  9.90978413e-01+0.j        ]]",0.000425,(1.371-9e-05j),(1.371-9e-05j),0j
26,[1.371-0.00323114j 1.371-0.00014886j],"[[ 9.90759801e-01+0.j         -3.80112608e-14-0.13562823j]
 [ 0.00000000e+00+0.13562823j  9.90759801e-01+0.j        ]]",0.00043,(1.371-9e-05j),(1.371-9e-05j),0j
27,[1.371-0.00322973j 1.371-0.00015027j],"[[9.90538383e-01+0.j         9.11770659e-15-0.13723597j]
 [0.00000000e+00+0.13723597j 9.90538383e-01+0.j        ]]",0.00043499999999999995,(1.371-9e-05j),(1.371-9e-05j),0j
28,[1.371-0.00322831j 1.371-0.00015169j],"[[9.90314149e-01+0.j         1.51469549e-14-0.13884483j]
 [0.00000000e+00+0.13884483j 9.90314149e-01+0.j        ]]",0.00043999999999999996,(1.371-9e-05j),(1.371-9e-05j),0j
29,[1.371-0.00322687j 1.371-0.00015313j],"[[ 9.90087089e-01+0.j         -1.30451205e-14-0.14045482j]
 [ 0.00000000e+00+0.14045482j  9.90087089e-01+0.j        ]]",0.000445,(1.371-9e-05j),(1.371-9e-05j),0j
30,[1.371-0.00322542j 1.371-0.00015458j],"[[9.89857195e-01+0.j         1.66811009e-14-0.14206595j]
 [0.00000000e+00+0.14206595j 9.89857195e-01+0.j        ]]",0.00045,(1.371-9e-05j),(1.371-9e-05j),0j
31,[1.371-0.00322394j 1.371-0.00015606j],"[[ 9.89624456e-01+0.j         -3.12805337e-14-0.14367824j]
 [ 0.00000000e+00+0.14367824j  9.89624456e-01+0.j        ]]",0.000455,(1.371-9e-05j),(1.371-9e-05j),0j
32,[1.371-0.00322245j 1.371-0.00015755j],"[[ 9.89388861e-01+0.j         -6.92241403e-15-0.14529171j]
 [ 0.00000000e+00+0.14529171j  9.89388861e-01+0.j        ]]",0.00046,(1.371-9e-05j),(1.371-9e-05j),0j
33,[1.371-0.00322094j 1.371-0.00015906j],"[[9.89150402e-01+0.j         8.20871149e-15-0.14690638j]
 [0.00000000e+00+0.14690638j 9.89150402e-01+0.j        ]]",0.000465,(1.371-9e-05j),(1.371-9e-05j),0j
34,[1.371-0.00321941j 1.371-0.00016059j],"[[ 9.88909066e-01+0.j         -9.80465709e-15-0.14852225j]
 [ 0.00000000e+00+0.14852225j  9.88909066e-01+0.j        ]]",0.00047,(1.371-9e-05j),(1.371-9e-05j),0j
35,[1.371-0.00321787j 1.371-0.00016213j],"[[9.88664844e-01+0.j         1.69773050e-14-0.15013935j]
 [0.00000000e+00+0.15013935j 9.88664844e-01+0.j        ]]",0.000475,(1.371-9e-05j),(1.371-9e-05j),0j
36,[1.371-0.0032163j 1.371-0.0001637j],"[[9.88417726e-01+0.j        1.60427227e-14-0.1517577j]
 [0.00000000e+00+0.1517577j 9.88417726e-01+0.j       ]]",0.00047999999999999996,(1.371-9e-05j),(1.371-9e-05j),0j
37,[1.371-0.00321472j 1.371-0.00016528j],"[[9.88167699e-01+0.j         3.22658567e-14-0.15337731j]
 [0.00000000e+00+0.15337731j 9.88167699e-01+0.j        ]]",0.00048499999999999997,(1.371-9e-05j),(1.371-9e-05j),0j
38,[1.371-0.00321312j 1.371-0.00016688j],"[[ 9.87914754e-01+0.j         -6.26712224e-15-0.15499819j]
 [ 0.00000000e+00+0.15499819j  9.87914754e-01+0.j        ]]",0.00049,(1.371-9e-05j),(1.371-9e-05j),0j
39,[1.371-0.0032115j 1.371-0.0001685j],"[[9.87658878e-01+0.j         4.40966708e-15-0.15662037j]
 [0.00000000e+00+0.15662037j 9.87658878e-01+0.j        ]]",0.000495,(1.371-9e-05j),(1.371-9e-05j),0j
40,[1.371-0.00320987j 1.371-0.00017013j],"[[9.87400061e-01+0.j         3.99680289e-15-0.15824386j]
 [0.00000000e+00+0.15824386j 9.87400061e-01+0.j        ]]",0.0005,(1.371-9e-05j),(1.371-9e-05j),0j
41,[1.371-0.00320821j 1.371-0.00017179j],"[[9.87138290e-01+0.j         2.31759056e-14-0.15986868j]
 [0.00000000e+00+0.15986868j 9.87138290e-01+0.j        ]]",0.000505,(1.371-9e-05j),(1.371-9e-05j),0j
42,[1.371-0.00320654j 1.371-0.00017346j],"[[9.86873554e-01+0.j         1.77332107e-15-0.16149485j]
 [0.00000000e+00+0.16149485j 9.86873554e-01+0.j        ]]",0.00051,(1.371-9e-05j),(1.371-9e-05j),0j
43,[1.371-0.00320485j 1.371-0.00017515j],"[[ 9.86605842e-01+0.j         -1.60722130e-14-0.16312239j]
 [ 0.00000000e+00+0.16312239j  9.86605842e-01+0.j        ]]",0.000515,(1.371-9e-05j),(1.371-9e-05j),0j
44,[1.371-0.00320314j 1.371-0.00017686j],"[[ 9.86335140e-01+0.j        -5.81132364e-15-0.1647513j]
 [ 0.00000000e+00+0.1647513j  9.86335140e-01+0.j       ]]",0.00052,(1.371-9e-05j),(1.371-9e-05j),0j
45,[1.371-0.00320141j 1.371-0.00017859j],"[[9.86061436e-01+0.j         7.51395474e-15-0.16638162j]
 [0.00000000e+00+0.16638162j 9.86061436e-01+0.j        ]]",0.000525,(1.371-9e-05j),(1.371-9e-05j),0j
46,[1.371-0.00319967j 1.371-0.00018033j],"[[ 9.85784719e-01+0.j         -7.79801571e-15-0.16801336j]
 [ 0.00000000e+00+0.16801336j  9.85784719e-01+0.j        ]]",0.00053,(1.371-9e-05j),(1.371-9e-05j),0j
47,[1.371-0.0031979j 1.371-0.0001821j],"[[ 9.85504974e-01+0.j         -1.18394877e-16-0.16964653j]
 [ 0.00000000e+00+0.16964653j  9.85504974e-01+0.j        ]]",0.000535,(1.371-9e-05j),(1.371-9e-05j),0j
48,[1.371-0.00319612j 1.371-0.00018388j],"[[ 9.85222190e-01+0.j         -1.50851553e-14-0.17128116j]
 [ 0.00000000e+00+0.17128116j  9.85222190e-01+0.j        ]]",0.00054,(1.371-9e-05j),(1.371-9e-05j),0j
49,[1.371-0.00319432j 1.371-0.00018568j],"[[9.84936353e-01+0.j         7.21644966e-16-0.17291726j]
 [0.00000000e+00+0.17291726j 9.84936353e-01+0.j        ]]",0.000545,(1.371-9e-05j),(1.371-9e-05j),0j
50,[1.371-0.0031925j 1.371-0.0001875j],"[[9.84647450e-01+0.j         4.27505253e-14-0.17455486j]
 [0.00000000e+00+0.17455486j 9.84647450e-01+0.j        ]]",0.0005499999999999999,(1.371-9e-05j),(1.371-9e-05j),0j
51,[1.371-0.00319066j 1.371-0.00018934j],"[[ 9.84355466e-01+0.j         -1.99007477e-14-0.17619397j]
 [ 0.00000000e+00+0.17619397j  9.84355466e-01+0.j        ]]",0.0005549999999999999,(1.371-9e-05j),(1.371-9e-05j),0j
52,[1.371-0.0031888j 1.371-0.0001912j],"[[ 9.84060389e-01+0.j         -1.95191086e-14-0.17783461j]
 [ 0.00000000e+00+0.17783461j  9.84060389e-01+0.j        ]]",0.00056,(1.371-9e-05j),(1.371-9e-05j),0j
53,[1.371-0.00318692j 1.371-0.00019308j],"[[ 9.83762205e-01+0.j         -6.33521013e-15-0.17947681j]
 [ 0.00000000e+00+0.17947681j  9.83762205e-01+0.j        ]]",0.000565,(1.371-9e-05j),(1.371-9e-05j),0j
54,[1.371-0.00318503j 1.371-0.00019497j],"[[9.83460898e-01+0.j         7.48706652e-15-0.18112057j]
 [0.00000000e+00+0.18112057j 9.83460898e-01+0.j        ]]",0.00057,(1.371-9e-05j),(1.371-9e-05j),0j
55,[1.371-0.00318311j 1.371-0.00019689j],"[[9.83156456e-01+0.j         8.68749517e-15-0.18276593j]
 [0.00000000e+00+0.18276593j 9.83156456e-01+0.j        ]]",0.000575,(1.371-9e-05j),(1.371-9e-05j),0j
56,[1.371-0.00318117j 1.371-0.00019883j],"[[9.82848862e-01+0.j         1.24921774e-14-0.18441289j]
 [0.00000000e+00+0.18441289j 9.82848862e-01+0.j        ]]",0.00058,(1.371-9e-05j),(1.371-9e-05j),0j
57,[1.371-0.00317922j 1.371-0.00020078j],"[[9.82538103e-01+0.j         8.46588424e-15-0.18606149j]
 [0.00000000e+00+0.18606149j 9.82538103e-01+0.j        ]]",0.000585,(1.371-9e-05j),(1.371-9e-05j),0j
58,[1.371-0.00317725j 1.371-0.00020275j],"[[9.82224162e-01+0.j         1.73853987e-14-0.18771173j]
 [0.00000000e+00+0.18771173j 9.82224162e-01+0.j        ]]",0.00059,(1.371-9e-05j),(1.371-9e-05j),0j
59,[1.371-0.00317525j 1.371-0.00020475j],"[[9.81907026e-01+0.j         1.08199040e-14-0.18936365j]
 [0.00000000e+00+0.18936365j 9.81907026e-01+0.j        ]]",0.000595,(1.371-9e-05j),(1.371-9e-05j),0j
60,[1.371-0.00317324j 1.371-0.00020676j],"[[9.81586677e-01+0.j         4.57442244e-14-0.19101726j]
 [0.00000000e+00+0.19101726j 9.81586677e-01+0.j        ]]",0.0006000000000000001,(1.371-9e-05j),(1.371-9e-05j),0j
61,[1.371-0.00317121j 1.371-0.00020879j],"[[ 9.81263101e-01+0.j         -9.12117604e-15-0.19267259j]
 [ 0.00000000e+00+0.19267259j  9.81263101e-01+0.j        ]]",0.0006050000000000001,(1.371-9e-05j),(1.371-9e-05j),0j
62,[1.371-0.00316916j 1.371-0.00021084j],"[[9.80936282e-01+0.j         1.65423231e-14-0.19432965j]
 [0.00000000e+00+0.19432965j 9.80936282e-01+0.j        ]]",0.00061,(1.371-9e-05j),(1.371-9e-05j),0j
63,[1.371-0.00316708j 1.371-0.00021292j],"[[9.80606202e-01+0.j         6.57677038e-15-0.19598846j]
 [0.00000000e+00+0.19598846j 9.80606202e-01+0.j        ]]",0.000615,(1.371-9e-05j),(1.371-9e-05j),0j
64,[1.371-0.00316499j 1.371-0.00021501j],"[[ 9.80272846e-01+0.j         -2.45914400e-14-0.19764905j]
 [ 0.00000000e+00+0.19764905j  9.80272846e-01+0.j        ]]",0.00062,(1.371-9e-05j),(1.371-9e-05j),0j
65,[1.371-0.00316288j 1.371-0.00021712j],"[[ 9.79936196e-01+0.j         -6.82180007e-15-0.19931145j]
 [ 0.00000000e+00+0.19931145j  9.79936196e-01+0.j        ]]",0.000625,(1.371-9e-05j),(1.371-9e-05j),0j
66,[1.371-0.00316075j 1.371-0.00021925j],"[[ 9.79596235e-01+0.j         -4.55815941e-14-0.20097566j]
 [ 0.00000000e+00+0.20097566j  9.79596235e-01+0.j        ]]",0.00063,(1.371-9e-05j),(1.371-9e-05j),0j
67,[1.371-0.0031586j 1.371-0.0002214j],"[[9.79252947e-01+0.j         3.15537527e-14-0.20264172j]
 [0.00000000e+00+0.20264172j 9.79252947e-01+0.j        ]]",0.0006349999999999999,(1.371-9e-05j),(1.371-9e-05j),0j
68,[1.371-0.00315642j 1.371-0.00022358j],"[[ 9.78906313e-01+0.j         -6.87123969e-15-0.20430964j]
 [ 0.00000000e+00+0.20430964j  9.78906313e-01+0.j        ]]",0.0006399999999999999,(1.371-9e-05j),(1.371-9e-05j),0j
69,[1.371-0.00315423j 1.371-0.00022577j],"[[9.78556316e-01+0.j         1.56125113e-17-0.20597946j]
 [0.00000000e+00+0.20597946j 9.78556316e-01+0.j        ]]",0.000645,(1.371-9e-05j),(1.371-9e-05j),0j
70,[1.371-0.00315202j 1.371-0.00022798j],"[[ 9.78202936e-01+0.j         -1.95182412e-14-0.20765119j]
 [ 0.00000000e+00+0.20765119j  9.78202936e-01+0.j        ]]",0.00065,(1.371-9e-05j),(1.371-9e-05j),0j
71,[1.371-0.00314979j 1.371-0.00023021j],"[[9.77846157e-01+0.j         5.06816811e-14-0.20932485j]
 [0.00000000e+00+0.20932485j 9.77846157e-01+0.j        ]]",0.000655,(1.371-9e-05j),(1.371-9e-05j),0j
72,[1.371-0.00314753j 1.371-0.00023247j],"[[9.77485959e-01+0.j         4.00460914e-15-0.21100047j]
 [0.00000000e+00+0.21100047j 9.77485959e-01+0.j        ]]",0.00066,(1.371-9e-05j),(1.371-9e-05j),0j
73,[1.371-0.00314526j 1.371-0.00023474j],"[[ 9.77122323e-01+0.j         -4.43742265e-15-0.21267808j]
 [ 0.00000000e+00+0.21267808j  9.77122323e-01+0.j        ]]",0.000665,(1.371-9e-05j),(1.371-9e-05j),0j
74,[1.371-0.00314296j 1.371-0.00023704j],"[[9.76755230e-01+0.j        9.68669589e-15-0.2143577j]
 [0.00000000e+00+0.2143577j 9.76755230e-01+0.j       ]]",0.00067,(1.371-9e-05j),(1.371-9e-05j),0j
75,[1.371-0.00314065j 1.371-0.00023935j],"[[9.76384659e-01+0.j         2.09415818e-14-0.21603934j]
 [0.00000000e+00+0.21603934j 9.76384659e-01+0.j        ]]",0.000675,(1.371-9e-05j),(1.371-9e-05j),0j
76,[1.371-0.00313831j 1.371-0.00024169j],"[[ 9.76010592e-01+0.j         -3.32919456e-14-0.21772305j]
 [ 0.00000000e+00+0.21772305j  9.76010592e-01+0.j        ]]",0.00068,(1.371-9e-05j),(1.371-9e-05j),0j
77,[1.371-0.00313595j 1.371-0.00024405j],"[[9.75633007e-01+0.j         2.96151992e-14-0.21940883j]
 [0.00000000e+00+0.21940883j 9.75633007e-01+0.j        ]]",0.0006850000000000001,(1.371-9e-05j),(1.371-9e-05j),0j
78,[1.371-0.00313357j 1.371-0.00024643j],"[[9.75251884e-01+0.j         9.24347404e-15-0.22109673j]
 [0.00000000e+00+0.22109673j 9.75251884e-01+0.j        ]]",0.0006900000000000001,(1.371-9e-05j),(1.371-9e-05j),0j
79,[1.371-0.00313117j 1.371-0.00024883j],"[[9.74867202e-01+0.j         6.03406214e-14-0.22278675j]
 [0.00000000e+00+0.22278675j 9.74867202e-01+0.j        ]]",0.000695,(1.371-9e-05j),(1.371-9e-05j),0j
80,[1.371-0.00312875j 1.371-0.00025125j],"[[9.74478940e-01+0.j         5.48033841e-14-0.22447894j]
 [0.00000000e+00+0.22447894j 9.74478940e-01+0.j        ]]",0.0007,(1.371-9e-05j),(1.371-9e-05j),0j
81,[1.371-0.00312631j 1.371-0.00025369j],"[[9.74087077e-01+0.j         2.04003481e-15-0.22617331j]
 [0.00000000e+00+0.22617331j 9.74087077e-01+0.j        ]]",0.000705,(1.371-9e-05j),(1.371-9e-05j),0j
82,[1.371-0.00312384j 1.371-0.00025616j],"[[ 9.73691589e-01+0.j         -4.20635748e-14-0.22786989j]
 [ 0.00000000e+00+0.22786989j  9.73691589e-01+0.j        ]]",0.00071,(1.371-9e-05j),(1.371-9e-05j),0j
83,[1.371-0.00312135j 1.371-0.00025865j],"[[9.73292456e-01+0.j         1.15680035e-14-0.22956872j]
 [0.00000000e+00+0.22956872j 9.73292456e-01+0.j        ]]",0.000715,(1.371-9e-05j),(1.371-9e-05j),0j
84,[1.371-0.00311885j 1.371-0.00026115j],"[[ 9.72889653e-01+0.j        -5.22915045e-14-0.2312698j]
 [ 0.00000000e+00+0.2312698j  9.72889653e-01+0.j       ]]",0.0007199999999999999,(1.371-9e-05j),(1.371-9e-05j),0j
85,[1.371-0.00311632j 1.371-0.00026368j],"[[9.72483159e-01+0.j         3.48315127e-14-0.23297319j]
 [0.00000000e+00+0.23297319j 9.72483159e-01+0.j        ]]",0.000725,(1.371-9e-05j),(1.371-9e-05j),0j
86,[1.371-0.00311376j 1.371-0.00026624j],"[[9.72072949e-01+0.j         9.50628465e-15-0.23467889j]
 [0.00000000e+00+0.23467889j 9.72072949e-01+0.j        ]]",0.00073,(1.371-9e-05j),(1.371-9e-05j),0j
87,[1.371-0.00311119j 1.371-0.00026881j],"[[ 9.71659001e-01+0.j         -1.07578876e-14-0.23638694j]
 [ 0.00000000e+00+0.23638694j  9.71659001e-01+0.j        ]]",0.000735,(1.371-9e-05j),(1.371-9e-05j),0j
88,[1.371-0.00310859j 1.371-0.00027141j],"[[ 9.71241289e-01+0.j         -2.08444373e-14-0.23809737j]
 [ 0.00000000e+00+0.23809737j  9.71241289e-01+0.j        ]]",0.00074,(1.371-9e-05j),(1.371-9e-05j),0j
89,[1.371-0.00310597j 1.371-0.00027403j],"[[9.70819789e-01+0.j         8.34835673e-15-0.23981021j]
 [0.00000000e+00+0.23981021j 9.70819789e-01+0.j        ]]",0.000745,(1.371-9e-05j),(1.371-9e-05j),0j
90,[1.371-0.00310333j 1.371-0.00027667j],"[[9.70394476e-01+0.j         1.10189635e-14-0.24152549j]
 [0.00000000e+00+0.24152549j 9.70394476e-01+0.j        ]]",0.00075,(1.371-9e-05j),(1.371-9e-05j),0j
91,[1.371-0.00310066j 1.371-0.00027934j],"[[ 9.69965324e-01+0.j         -6.97913949e-14-0.24324323j]
 [ 0.00000000e+00+0.24324323j  9.69965324e-01+0.j        ]]",0.000755,(1.371-9e-05j),(1.371-9e-05j),0j
92,[1.371-0.00309798j 1.371-0.00028202j],"[[9.69532309e-01+0.j         2.20656826e-15-0.24496347j]
 [0.00000000e+00+0.24496347j 9.69532309e-01+0.j        ]]",0.00076,(1.371-9e-05j),(1.371-9e-05j),0j
93,[1.371-0.00309527j 1.371-0.00028473j],"[[ 9.69095403e-01+0.j         -1.06477327e-14-0.24668624j]
 [ 0.00000000e+00+0.24668624j  9.69095403e-01+0.j        ]]",0.0007650000000000001,(1.371-9e-05j),(1.371-9e-05j),0j
94,[1.371-0.00309253j 1.371-0.00028747j],"[[9.68654580e-01+0.j         2.34187669e-16-0.24841156j]
 [0.00000000e+00+0.24841156j 9.68654580e-01+0.j        ]]",0.0007700000000000001,(1.371-9e-05j),(1.371-9e-05j),0j
95,[1.371-0.00308978j 1.371-0.00029022j],"[[ 9.68209812e-01+0.j         -2.21957869e-14-0.25013948j]
 [ 0.00000000e+00+0.25013948j  9.68209812e-01+0.j        ]]",0.0007750000000000001,(1.371-9e-05j),(1.371-9e-05j),0j
96,[1.371-0.003087j 1.371-0.000293j],"[[9.67761072e-01+0.j         3.31262795e-14-0.25187002j]
 [0.00000000e+00+0.25187002j 9.67761072e-01+0.j        ]]",0.0007800000000000001,(1.371-9e-05j),(1.371-9e-05j),0j
97,[1.371-0.00308419j 1.371-0.00029581j],"[[9.67308333e-01+0.j         5.26072241e-14-0.25360321j]
 [0.00000000e+00+0.25360321j 9.67308333e-01+0.j        ]]",0.000785,(1.371-9e-05j),(1.371-9e-05j),0j
98,[1.371-0.00308137j 1.371-0.00029863j],"[[9.66851565e-01+0.j         4.21433721e-14-0.25533909j]
 [0.00000000e+00+0.25533909j 9.66851565e-01+0.j        ]]",0.0007900000000000001,(1.371-9e-05j),(1.371-9e-05j),0j
99,[1.371-0.00307852j 1.371-0.00030148j],"[[9.66390739e-01+0.j         3.82055498e-14-0.25707769j]
 [0.00000000e+00+0.25707769j 9.66390739e-01+0.j        ]]",0.0007949999999999999,(1.371-9e-05j),(1.371-9e-05j),0j
100,[1.371-0.00307564j 1.371-0.00030436j],"[[ 9.65925826e-01+0.j         -6.89448498e-14-0.25881905j]
 [ 0.00000000e+00+0.25881905j  9.65925826e-01+0.j        ]]",0.0007999999999999999,(1.371-9e-05j),(1.371-9e-05j),0j
101,[1.371-0.00307274j 1.371-0.00030726j],"[[9.65456796e-01+0.j         4.31876757e-14-0.26056319j]
 [0.00000000e+00+0.26056319j 9.65456796e-01+0.j        ]]",0.0008049999999999999,(1.371-9e-05j),(1.371-9e-05j),0j
102,[1.371-0.00306982j 1.371-0.00031018j],"[[ 9.64983618e-01+0.j         -1.46931078e-15-0.26231015j]
 [ 0.00000000e+00+0.26231015j  9.64983618e-01+0.j        ]]",0.00081,(1.371-9e-05j),(1.371-9e-05j),0j
103,[1.371-0.00306687j 1.371-0.00031313j],"[[9.64506262e-01+0.j         3.51108032e-15-0.26405998j]
 [0.00000000e+00+0.26405998j 9.64506262e-01+0.j        ]]",0.000815,(1.371-9e-05j),(1.371-9e-05j),0j
104,[1.371-0.0030639j 1.371-0.0003161j],"[[ 9.64024695e-01+0.j         -2.87825319e-14-0.26581269j]
 [ 0.00000000e+00+0.26581269j  9.64024695e-01+0.j        ]]",0.00082,(1.371-9e-05j),(1.371-9e-05j),0j
105,[1.371-0.0030609j 1.371-0.0003191j],"[[9.63538885e-01+0.j         4.92661467e-14-0.26756834j]
 [0.00000000e+00+0.26756834j 9.63538885e-01+0.j        ]]",0.000825,(1.371-9e-05j),(1.371-9e-05j),0j
106,[1.371-0.00305788j 1.371-0.00032212j],"[[ 9.63048800e-01+0.j         -1.98036032e-14-0.26932695j]
 [ 0.00000000e+00+0.26932695j  9.63048800e-01+0.j        ]]",0.00083,(1.371-9e-05j),(1.371-9e-05j),0j
107,[1.371-0.00305484j 1.371-0.00032516j],"[[ 9.62554407e-01+0.j         -3.78863607e-15-0.27108857j]
 [ 0.00000000e+00+0.27108857j  9.62554407e-01+0.j        ]]",0.000835,(1.371-9e-05j),(1.371-9e-05j),0j
108,[1.371-0.00305176j 1.371-0.00032824j],"[[ 9.62055671e-01+0.j         -3.92463839e-14-0.27285323j]
 [ 0.00000000e+00+0.27285323j  9.62055671e-01+0.j        ]]",0.00084,(1.371-9e-05j),(1.371-9e-05j),0j
109,[1.371-0.00304867j 1.371-0.00033133j],"[[ 9.61552557e-01+0.j         -6.47780440e-14-0.27462097j]
 [ 0.00000000e+00+0.27462097j  9.61552557e-01+0.j        ]]",0.000845,(1.371-9e-05j),(1.371-9e-05j),0j
110,[1.371-0.00304554j 1.371-0.00033446j],"[[9.61045032e-01+0.j         2.58126853e-14-0.27639184j]
 [0.00000000e+00+0.27639184j 9.61045032e-01+0.j        ]]",0.0008500000000000001,(1.371-9e-05j),(1.371-9e-05j),0j
111,[1.371-0.0030424j 1.371-0.0003376j],"[[9.60533059e-01+0.j         1.69499831e-14-0.27816586j]
 [0.00000000e+00+0.27816586j 9.60533059e-01+0.j        ]]",0.0008550000000000001,(1.371-9e-05j),(1.371-9e-05j),0j
112,[1.371-0.00303922j 1.371-0.00034078j],"[[ 9.60016601e-01+0.j         -1.58727198e-15-0.27994308j]
 [ 0.00000000e+00+0.27994308j  9.60016601e-01+0.j        ]]",0.0008600000000000001,(1.371-9e-05j),(1.371-9e-05j),0j
113,[1.371-0.00303602j 1.371-0.00034398j],"[[9.59495622e-01+0.j         6.78346268e-14-0.28172354j]
 [0.00000000e+00+0.28172354j 9.59495622e-01+0.j        ]]",0.0008650000000000001,(1.371-9e-05j),(1.371-9e-05j),0j
114,[1.371-0.0030328j 1.371-0.0003472j],"[[9.58970084e-01+0.j         2.79498646e-14-0.28350728j]
 [0.00000000e+00+0.28350728j 9.58970084e-01+0.j        ]]",0.0008700000000000001,(1.371-9e-05j),(1.371-9e-05j),0j
115,[1.371-0.00302954j 1.371-0.00035046j],"[[9.58439949e-01+0.j         4.14113188e-14-0.28529435j]
 [0.00000000e+00+0.28529435j 9.58439949e-01+0.j        ]]",0.0008750000000000001,(1.371-9e-05j),(1.371-9e-05j),0j
116,[1.371-0.00302626j 1.371-0.00035374j],"[[ 9.57905177e-01+0.j         -1.35915584e-14-0.28708478j]
 [ 0.00000000e+00+0.28708478j  9.57905177e-01+0.j        ]]",0.0008799999999999999,(1.371-9e-05j),(1.371-9e-05j),0j
117,[1.371-0.00302296j 1.371-0.00035704j],"[[ 9.57365728e-01+0.j         -5.96050986e-14-0.28887863j]
 [ 0.00000000e+00+0.28887863j  9.57365728e-01+0.j        ]]",0.0008849999999999999,(1.371-9e-05j),(1.371-9e-05j),0j
118,[1.371-0.00301962j 1.371-0.00036038j],"[[9.56821562e-01+0.j         1.79353060e-14-0.29067593j]
 [0.00000000e+00+0.29067593j 9.56821562e-01+0.j        ]]",0.00089,(1.371-9e-05j),(1.371-9e-05j),0j
119,[1.371-0.00301626j 1.371-0.00036374j],"[[ 9.56272638e-01+0.j         -2.00690159e-14-0.29247674j]
 [ 0.00000000e+00+0.29247674j  9.56272638e-01+0.j        ]]",0.000895,(1.371-9e-05j),(1.371-9e-05j),0j
120,[1.371-0.00301288j 1.371-0.00036712j],"[[9.55718914e-01+0.j         4.61315014e-14-0.29428109j]
 [0.00000000e+00+0.29428109j 9.55718914e-01+0.j        ]]",0.0009,(1.371-9e-05j),(1.371-9e-05j),0j
121,[1.371-0.00300946j 1.371-0.00037054j],"[[9.55160346e-01+0.j         4.71844785e-14-0.29608903j]
 [0.00000000e+00+0.29608903j 9.55160346e-01+0.j        ]]",0.000905,(1.371-9e-05j),(1.371-9e-05j),0j
122,[1.371-0.00300602j 1.371-0.00037398j],"[[9.54596891e-01+0.j         5.37625500e-14-0.29790061j]
 [0.00000000e+00+0.29790061j 9.54596891e-01+0.j        ]]",0.00091,(1.371-9e-05j),(1.371-9e-05j),0j
123,[1.371-0.00300255j 1.371-0.00037745j],"[[9.54028504e-01+0.j         4.88498131e-15-0.29971589j]
 [0.00000000e+00+0.29971589j 9.54028504e-01+0.j        ]]",0.000915,(1.371-9e-05j),(1.371-9e-05j),0j
124,[1.371-0.00299905j 1.371-0.00038095j],"[[ 9.53455140e-01+0.j        -3.54091756e-14-0.3015349j]
 [ 0.00000000e+00+0.3015349j  9.53455140e-01+0.j       ]]",0.00092,(1.371-9e-05j),(1.371-9e-05j),0j
125,[1.371-0.00299552j 1.371-0.00038448j],"[[9.52876753e-01+0.j        2.05929024e-14-0.3033577j]
 [0.00000000e+00+0.3033577j 9.52876753e-01+0.j       ]]",0.000925,(1.371-9e-05j),(1.371-9e-05j),0j
126,[1.371-0.00299196j 1.371-0.00038804j],"[[9.52293295e-01+0.j         3.44169138e-15-0.30518434j]
 [0.00000000e+00+0.30518434j 9.52293295e-01+0.j        ]]",0.00093,(1.371-9e-05j),(1.371-9e-05j),0j
127,[1.371-0.00298837j 1.371-0.00039163j],"[[ 9.51704718e-01+0.j         -4.23584778e-14-0.30701487j]
 [ 0.00000000e+00+0.30701487j  9.51704718e-01+0.j        ]]",0.0009350000000000001,(1.371-9e-05j),(1.371-9e-05j),0j
128,[1.371-0.00298476j 1.371-0.00039524j],"[[ 9.51110973e-01+0.j         -4.45910669e-14-0.30884934j]
 [ 0.00000000e+00+0.30884934j  9.51110973e-01+0.j        ]]",0.0009400000000000001,(1.371-9e-05j),(1.371-9e-05j),0j
129,[1.371-0.00298111j 1.371-0.00039889j],"[[ 9.50512010e-01+0.j         -7.62237495e-15-0.31068782j]
 [ 0.00000000e+00+0.31068782j  9.50512010e-01+0.j        ]]",0.0009450000000000001,(1.371-9e-05j),(1.371-9e-05j),0j
130,[1.371-0.00297744j 1.371-0.00040256j],"[[ 9.49907778e-01+0.j         -7.86315457e-14-0.31253034j]
 [ 0.00000000e+00+0.31253034j  9.49907778e-01+0.j        ]]",0.0009500000000000001,(1.371-9e-05j),(1.371-9e-05j),0j
131,[1.371-0.00297373j 1.371-0.00040627j],"[[9.49298225e-01+0.j         2.04558592e-14-0.31437697j]
 [0.00000000e+00+0.31437697j 9.49298225e-01+0.j        ]]",0.0009550000000000001,(1.371-9e-05j),(1.371-9e-05j),0j
132,[1.371-0.00297j 1.371-0.00041j],"[[9.48683298e-01+0.j         1.37945211e-14-0.31622777j]
 [0.00000000e+00+0.31622777j 9.48683298e-01+0.j        ]]",0.0009600000000000001,(1.371-9e-05j),(1.371-9e-05j),0j
133,[1.371-0.00296623j 1.371-0.00041377j],"[[9.48062942e-01+0.j         3.13221671e-14-0.31808278j]
 [0.00000000e+00+0.31808278j 9.48062942e-01+0.j        ]]",0.0009649999999999999,(1.371-9e-05j),(1.371-9e-05j),0j
134,[1.371-0.00296244j 1.371-0.00041756j],"[[ 9.47437103e-01+0.j         -1.57374114e-14-0.31994208j]
 [ 0.00000000e+00+0.31994208j  9.47437103e-01+0.j        ]]",0.0009699999999999999,(1.371-9e-05j),(1.371-9e-05j),0j
135,[1.371-0.00295861j 1.371-0.00042139j],"[[9.46805723e-01+0.j         4.52068938e-15-0.32180572j]
 [0.00000000e+00+0.32180572j 9.46805723e-01+0.j        ]]",0.000975,(1.371-9e-05j),(1.371-9e-05j),0j
136,[1.371-0.00295475j 1.371-0.00042525j],"[[9.46168745e-01+0.j         3.32511796e-14-0.32367377j]
 [0.00000000e+00+0.32367377j 9.46168745e-01+0.j        ]]",0.00098,(1.371-9e-05j),(1.371-9e-05j),0j
137,[1.371-0.00295086j 1.371-0.00042914j],"[[ 9.45526110e-01+0.j         -5.18890486e-14-0.32554627j]
 [ 0.00000000e+00+0.32554627j  9.45526110e-01+0.j        ]]",0.000985,(1.371-9e-05j),(1.371-9e-05j),0j
138,[1.371-0.00294694j 1.371-0.00043306j],"[[ 9.44877758e-01+0.j         -4.15778523e-14-0.32742331j]
 [ 0.00000000e+00+0.32742331j  9.44877758e-01+0.j        ]]",0.00099,(1.371-9e-05j),(1.371-9e-05j),0j
139,[1.371-0.00294299j 1.371-0.00043701j],"[[9.44223628e-01+0.j         5.60543365e-14-0.32930493j]
 [0.00000000e+00+0.32930493j 9.44223628e-01+0.j        ]]",0.000995,(1.371-9e-05j),(1.371-9e-05j),0j
140,[1.371-0.002939j 1.371-0.000441j],"[[ 9.43563657e-01+0.j         -4.18554080e-14-0.33119122j]
 [ 0.00000000e+00+0.33119122j  9.43563657e-01+0.j        ]]",0.001,(1.371-9e-05j),(1.371-9e-05j),0j
141,[1.371-0.00293498j 1.371-0.00044502j],"[[9.42897781e-01+0.j         9.97812943e-14-0.33308223j]
 [0.00000000e+00+0.33308223j 9.42897781e-01+0.j        ]]",0.001005,(1.371-9e-05j),(1.371-9e-05j),0j
142,[1.371-0.00293093j 1.371-0.00044907j],"[[ 9.42225934e-01+0.j         -5.90083538e-14-0.33497804j]
 [ 0.00000000e+00+0.33497804j  9.42225934e-01+0.j        ]]",0.00101,(1.371-9e-05j),(1.371-9e-05j),0j
143,[1.371-0.00292684j 1.371-0.00045316j],"[[9.41548049e-01+0.j         4.48599491e-14-0.33687872j]
 [0.00000000e+00+0.33687872j 9.41548049e-01+0.j        ]]",0.001015,(1.371-9e-05j),(1.371-9e-05j),0j
144,[1.371-0.00292272j 1.371-0.00045728j],"[[9.40864059e-01+0.j         6.23112673e-14-0.33878433j]
 [0.00000000e+00+0.33878433j 9.40864059e-01+0.j        ]]",0.00102,(1.371-9e-05j),(1.371-9e-05j),0j
145,[1.371-0.00291857j 1.371-0.00046143j],"[[9.40173893e-01+0.j         1.04249942e-13-0.34069495j]
 [0.00000000e+00+0.34069495j 9.40173893e-01+0.j        ]]",0.001025,(1.371-9e-05j),(1.371-9e-05j),0j
146,[1.371-0.00291438j 1.371-0.00046562j],"[[9.39477480e-01+0.j         2.98372438e-15-0.34261066j]
 [0.00000000e+00+0.34261066j 9.39477480e-01+0.j        ]]",0.00103,(1.371-9e-05j),(1.371-9e-05j),0j
147,[1.371-0.00291015j 1.371-0.00046985j],"[[ 9.38774746e-01+0.j         -8.18511925e-14-0.34453153j]
 [ 0.00000000e+00+0.34453153j  9.38774746e-01+0.j        ]]",0.0010350000000000001,(1.371-9e-05j),(1.371-9e-05j),0j
148,[1.371-0.00290589j 1.371-0.00047411j],"[[9.38065618e-01+0.j         4.09429435e-14-0.34645764j]
 [0.00000000e+00+0.34645764j 9.38065618e-01+0.j        ]]",0.0010400000000000001,(1.371-9e-05j),(1.371-9e-05j),0j
149,[1.371-0.0029016j 1.371-0.0004784j],"[[ 9.37350018e-01+0.j         -1.30229161e-13-0.34838907j]
 [ 0.00000000e+00+0.34838907j  9.37350018e-01+0.j        ]]",0.0010450000000000001,(1.371-9e-05j),(1.371-9e-05j),0j
150,[1.371-0.00289727j 1.371-0.00048273j],"[[ 9.36627869e-01+0.j        -3.03021497e-14-0.3503259j]
 [ 0.00000000e+00+0.3503259j  9.36627869e-01+0.j       ]]",0.00105,(1.371-9e-05j),(1.371-9e-05j),0j
151,[1.371-0.0028929j 1.371-0.0004871j],"[[ 9.35899090e-01+0.j         -2.05738204e-15-0.35226821j]
 [ 0.00000000e+00+0.35226821j  9.35899090e-01+0.j        ]]",0.001055,(1.371-9e-05j),(1.371-9e-05j),0j
152,[1.371-0.0028885j 1.371-0.0004915j],"[[ 9.35163599e-01+0.j        -2.33667252e-14-0.3542161j]
 [ 0.00000000e+00+0.3542161j  9.35163599e-01+0.j       ]]",0.00106,(1.371-9e-05j),(1.371-9e-05j),0j
153,[1.371-0.00288406j 1.371-0.00049594j],"[[ 9.34421313e-01+0.j         -8.84570195e-14-0.35616964j]
 [ 0.00000000e+00+0.35616964j  9.34421313e-01+0.j        ]]",0.001065,(1.371-9e-05j),(1.371-9e-05j),0j
154,[1.371-0.00287958j 1.371-0.00050042j],"[[9.33672145e-01+0.j         6.28663788e-14-0.35812892j]
 [0.00000000e+00+0.35812892j 9.33672145e-01+0.j        ]]",0.00107,(1.371-9e-05j),(1.371-9e-05j),0j
155,[1.371-0.00287506j 1.371-0.00050494j],"[[9.32916008e-01+0.j         9.77273817e-14-0.36009405j]
 [0.00000000e+00+0.36009405j 9.32916008e-01+0.j        ]]",0.001075,(1.371-9e-05j),(1.371-9e-05j),0j
156,[1.371-0.00287051j 1.371-0.00050949j],"[[ 9.32152812e-01+0.j        -1.71251902e-14-0.3620651j]
 [ 0.00000000e+00+0.3620651j  9.32152812e-01+0.j       ]]",0.00108,(1.371-9e-05j),(1.371-9e-05j),0j
157,[1.371-0.00286591j 1.371-0.00051409j],"[[9.31382463e-01+0.j         1.24872335e-13-0.36404218j]
 [0.00000000e+00+0.36404218j 9.31382463e-01+0.j        ]]",0.001085,(1.371-9e-05j),(1.371-9e-05j),0j
158,[1.371-0.00286128j 1.371-0.00051872j],"[[9.30604869e-01+0.j         1.52725055e-14-0.36602538j]
 [0.00000000e+00+0.36602538j 9.30604869e-01+0.j        ]]",0.00109,(1.371-9e-05j),(1.371-9e-05j),0j
159,[1.371-0.00285661j 1.371-0.00052339j],"[[ 9.29819931e-01+0.j        -3.25711680e-14-0.3680148j]
 [ 0.00000000e+00+0.3680148j  9.29819931e-01+0.j       ]]",0.001095,(1.371-9e-05j),(1.371-9e-05j),0j
160,[1.371-0.0028519j 1.371-0.0005281j],"[[ 9.29027550e-01+0.j         -6.99440506e-15-0.37001056j]
 [ 0.00000000e+00+0.37001056j  9.29027550e-01+0.j        ]]",0.0011,(1.371-9e-05j),(1.371-9e-05j),0j
161,[1.371-0.00284714j 1.371-0.00053286j],"[[9.28227624e-01+0.j         2.25479357e-14-0.37201274j]
 [0.00000000e+00+0.37201274j 9.28227624e-01+0.j        ]]",0.001105,(1.371-9e-05j),(1.371-9e-05j),0j
162,[1.371-0.00284235j 1.371-0.00053765j],"[[ 9.27420050e-01+0.j         -2.75439394e-14-0.37402146j]
 [ 0.00000000e+00+0.37402146j  9.27420050e-01+0.j        ]]",0.00111,(1.371-9e-05j),(1.371-9e-05j),0j
163,[1.371-0.00283751j 1.371-0.00054249j],"[[9.26604718e-01+0.j         4.19074497e-14-0.37603683j]
 [0.00000000e+00+0.37603683j 9.26604718e-01+0.j        ]]",0.001115,(1.371-9e-05j),(1.371-9e-05j),0j
164,[1.371-0.00283263j 1.371-0.00054737j],"[[9.25781519e-01+0.j         9.27730115e-15-0.37805896j]
 [0.00000000e+00+0.37805896j 9.25781519e-01+0.j        ]]",0.0011200000000000001,(1.371-9e-05j),(1.371-9e-05j),0j
165,[1.371-0.00282771j 1.371-0.00055229j],"[[9.24950341e-01+0.j         8.40646996e-15-0.38008797j]
 [0.00000000e+00+0.38008797j 9.24950341e-01+0.j        ]]",0.0011250000000000001,(1.371-9e-05j),(1.371-9e-05j),0j
166,[1.371-0.00282274j 1.371-0.00055726j],"[[ 9.24111066e-01+0.j         -6.34908792e-14-0.38212398j]
 [ 0.00000000e+00+0.38212398j  9.24111066e-01+0.j        ]]",0.0011300000000000001,(1.371-9e-05j),(1.371-9e-05j),0j
167,[1.371-0.00281773j 1.371-0.00056227j],"[[9.23263576e-01+0.j         4.78783679e-15-0.38416711j]
 [0.00000000e+00+0.38416711j 9.23263576e-01+0.j        ]]",0.001135,(1.371-9e-05j),(1.371-9e-05j),0j
168,[1.371-0.00281268j 1.371-0.00056732j],"[[9.22407749e-01+0.j         9.26758670e-14-0.38621748j]
 [0.00000000e+00+0.38621748j 9.22407749e-01+0.j        ]]",0.00114,(1.371-9e-05j),(1.371-9e-05j),0j
169,[1.371-0.00280758j 1.371-0.00057242j],"[[ 9.21543457e-01+0.j         -6.62109256e-14-0.38827523j]
 [ 0.00000000e+00+0.38827523j  9.21543457e-01+0.j        ]]",0.001145,(1.371-9e-05j),(1.371-9e-05j),0j
170,[1.371-0.00280243j 1.371-0.00057757j],"[[9.20670573e-01+0.j         3.53744811e-14-0.39034049j]
 [0.00000000e+00+0.39034049j 9.20670573e-01+0.j        ]]",0.00115,(1.371-9e-05j),(1.371-9e-05j),0j
171,[1.371-0.00279724j 1.371-0.00058276j],"[[ 9.19788962e-01+0.j         -1.61190505e-14-0.39241338j]
 [ 0.00000000e+00+0.39241338j  9.19788962e-01+0.j        ]]",0.001155,(1.371-9e-05j),(1.371-9e-05j),0j
172,[1.371-0.002792j 1.371-0.000588j],"[[9.18898489e-01+0.j         1.04992404e-13-0.39449406j]
 [0.00000000e+00+0.39449406j 9.18898489e-01+0.j        ]]",0.00116,(1.371-9e-05j),(1.371-9e-05j),0j
173,[1.371-0.00278671j 1.371-0.00059329j],"[[ 9.17999011e-01+0.j         -1.74860126e-14-0.39658267j]
 [ 0.00000000e+00+0.39658267j  9.17999011e-01+0.j        ]]",0.001165,(1.371-9e-05j),(1.371-9e-05j),0j
174,[1.371-0.00278138j 1.371-0.00059862j],"[[ 9.17090385e-01+0.j         -4.64350780e-14-0.39867935j]
 [ 0.00000000e+00+0.39867935j  9.17090385e-01+0.j        ]]",0.00117,(1.371-9e-05j),(1.371-9e-05j),0j
175,[1.371-0.00277599j 1.371-0.00060401j],"[[ 9.16172461e-01+0.j         -3.00454106e-15-0.40078426j]
 [ 0.00000000e+00+0.40078426j  9.16172461e-01+0.j        ]]",0.001175,(1.371-9e-05j),(1.371-9e-05j),0j
176,[1.371-0.00277056j 1.371-0.00060944j],"[[9.15245085e-01+0.j         1.01099684e-13-0.40289755j]
 [0.00000000e+00+0.40289755j 9.15245085e-01+0.j        ]]",0.00118,(1.371-9e-05j),(1.371-9e-05j),0j
177,[1.371-0.00276507j 1.371-0.00061493j],"[[9.14308100e-01+0.j         1.53557722e-14-0.40501938j]
 [0.00000000e+00+0.40501938j 9.14308100e-01+0.j        ]]",0.001185,(1.371-9e-05j),(1.371-9e-05j),0j
178,[1.371-0.00275953j 1.371-0.00062047j],"[[ 9.13361341e-01+0.j         -4.96824804e-15-0.40714992j]
 [ 0.00000000e+00+0.40714992j  9.13361341e-01+0.j        ]]",0.00119,(1.371-9e-05j),(1.371-9e-05j),0j
179,[1.371-0.00275394j 1.371-0.00062606j],"[[9.12404642e-01+0.j         8.82627305e-15-0.40928935j]
 [0.00000000e+00+0.40928935j 9.12404642e-01+0.j        ]]",0.001195,(1.371-9e-05j),(1.371-9e-05j),0j
180,[1.371-0.0027483j 1.371-0.0006317j],"[[ 9.11437828e-01+0.j         -1.58900670e-13-0.41143783j]
 [ 5.73969430e-14+0.41143783j  9.11437828e-01+0.j        ]]",0.0012000000000000001,(1.371-9e-05j),(1.371-9e-05j),0j
181,[1.371-0.0027426j 1.371-0.0006374j],"[[9.10460720e-01+0.j         9.94967997e-14-0.41359555j]
 [0.00000000e+00+0.41359555j 9.10460720e-01+0.j        ]]",0.0012050000000000001,(1.371-9e-05j),(1.371-9e-05j),0j
182,[1.371-0.00273685j 1.371-0.00064315j],"[[ 9.09473135e-01+0.j         -1.73805415e-13-0.41576269j]
 [ 5.43291793e-14+0.41576269j  9.09473135e-01+0.j        ]]",0.0012100000000000001,(1.371-9e-05j),(1.371-9e-05j),0j
183,[1.371-0.00273105j 1.371-0.00064895j],"[[9.08474881e-01+0.j         4.95506414e-14-0.41793946j]
 [0.00000000e+00+0.41793946j 9.08474881e-01+0.j        ]]",0.0012150000000000002,(1.371-9e-05j),(1.371-9e-05j),0j
184,[1.371-0.00272518j 1.371-0.00065482j],"[[ 9.07465761e-01+0.j         -4.05092626e-14-0.42012604j]
 [ 0.00000000e+00+0.42012604j  9.07465761e-01+0.j        ]]",0.00122,(1.371-9e-05j),(1.371-9e-05j),0j
185,[1.371-0.00271926j 1.371-0.00066074j],"[[ 9.06445572e-01+0.j         -1.06969988e-13-0.42232265j]
 [ 0.00000000e+00+0.42232265j  9.06445572e-01+0.j        ]]",0.001225,(1.371-9e-05j),(1.371-9e-05j),0j
186,[1.371-0.00271328j 1.371-0.00066672j],"[[ 9.05414105e-01+0.j        -1.54543045e-13-0.4245295j]
 [ 0.00000000e+00+0.4245295j  9.05414105e-01+0.j       ]]",0.00123,(1.371-9e-05j),(1.371-9e-05j),0j
187,[1.371-0.00270724j 1.371-0.00067276j],"[[9.04371140e-01+0.j         9.25648447e-15-0.42674681j]
 [0.00000000e+00+0.42674681j 9.04371140e-01+0.j        ]]",0.001235,(1.371-9e-05j),(1.371-9e-05j),0j
188,[1.371-0.00270114j 1.371-0.00067886j],"[[9.03316454e-01+0.j         4.17721413e-14-0.42897481j]
 [0.00000000e+00+0.42897481j 9.03316454e-01+0.j        ]]",0.00124,(1.371-9e-05j),(1.371-9e-05j),0j
189,[1.371-0.00269498j 1.371-0.00068502j],"[[9.02249814e-01+0.j         2.70339306e-14-0.43121372j]
 [0.00000000e+00+0.43121372j 9.02249814e-01+0.j        ]]",0.001245,(1.371-9e-05j),(1.371-9e-05j),0j
190,[1.371-0.00268875j 1.371-0.00069125j],"[[ 9.01170977e-01+0.j        -1.56541446e-14-0.4334638j]
 [ 0.00000000e+00+0.4334638j  9.01170977e-01+0.j       ]]",0.00125,(1.371-9e-05j),(1.371-9e-05j),0j
191,[1.371-0.00268246j 1.371-0.00069754j],"[[9.00079696e-01+0.j         9.53404022e-15-0.43572531j]
 [0.00000000e+00+0.43572531j 9.00079696e-01+0.j        ]]",0.001255,(1.371-9e-05j),(1.371-9e-05j),0j
192,[1.371-0.0026761j 1.371-0.0007039j],"[[ 8.98975709e-01+0.j          1.50490731e-13-0.43799849j]
 [-7.89886780e-14+0.43799849j  8.98975709e-01+0.j        ]]",0.00126,(1.371-9e-05j),(1.371-9e-05j),0j
193,[1.371-0.00266968j 1.371-0.00071032j],"[[ 8.97858750e-01+0.j         -1.31283873e-14-0.44028362j]
 [ 0.00000000e+00+0.44028362j  8.97858750e-01+0.j        ]]",0.001265,(1.371-9e-05j),(1.371-9e-05j),0j
194,[1.371-0.00266319j 1.371-0.00071681j],"[[8.96728538e-01+0.j         4.74065232e-14-0.44258099j]
 [0.00000000e+00+0.44258099j 8.96728538e-01+0.j        ]]",0.00127,(1.371-9e-05j),(1.371-9e-05j),0j
195,[1.371-0.00265663j 1.371-0.00072337j],"[[ 8.95584786e-01+0.j         -4.55885329e-15-0.44489088j]
 [ 0.00000000e+00+0.44489088j  8.95584786e-01+0.j        ]]",0.001275,(1.371-9e-05j),(1.371-9e-05j),0j
196,[1.371-0.00265j 1.371-0.00073j],"[[ 8.94427191e-01+0.j        -6.77374823e-14-0.4472136j]
 [ 0.00000000e+00+0.4472136j  8.94427191e-01+0.j       ]]",0.00128,(1.371-9e-05j),(1.371-9e-05j),0j
197,[1.371-0.0026433j 1.371-0.0007367j],"[[ 8.93255442e-01+0.j         -1.32754918e-13-0.44954946j]
 [ 5.82667024e-14+0.44954946j  8.93255442e-01+0.j        ]]",0.001285,(1.371-9e-05j),(1.371-9e-05j),0j
198,[1.371-0.00263652j 1.371-0.00074348j],"[[ 8.92069214e-01+0.j         -6.79456491e-14-0.45189879j]
 [ 0.00000000e+00+0.45189879j  8.92069214e-01+0.j        ]]",0.00129,(1.371-9e-05j),(1.371-9e-05j),0j
199,[1.371-0.00262967j 1.371-0.00075033j],"[[ 8.90868168e-01+0.j         -6.09512441e-14-0.45426194j]
 [ 0.00000000e+00+0.45426194j  8.90868168e-01+0.j        ]]",0.001295,(1.371-9e-05j),(1.371-9e-05j),0j
200,[1.371-0.00262274j 1.371-0.00075726j],"[[ 8.89651952e-01+0.j         -4.41313652e-14-0.45663925j]
 [ 9.08247028e-14+0.45663925j  8.89651952e-01+0.j        ]]",0.0013,(1.371-9e-05j),(1.371-9e-05j),0j
201,[1.371-0.00261573j 1.371-0.00076427j],"[[ 8.88420199e-01+0.j        -1.01786635e-13-0.4590311j]
 [ 0.00000000e+00+0.4590311j  8.88420199e-01+0.j       ]]",0.001305,(1.371-9e-05j),(1.371-9e-05j),0j
202,[1.371-0.00260864j 1.371-0.00077136j],"[[ 8.87172528e-01+0.j         -3.83651444e-14-0.46143787j]
 [ 0.00000000e+00+0.46143787j  8.87172528e-01+0.j        ]]",0.00131,(1.371-9e-05j),(1.371-9e-05j),0j
203,[1.371-0.00260147j 1.371-0.00077853j],"[[ 8.85908537e-01+0.j          1.59233737e-13-0.46385996j]
 [-2.61014381e-14+0.46385996j  8.85908537e-01+0.j        ]]",0.001315,(1.371-9e-05j),(1.371-9e-05j),0j
204,[1.371-0.00259421j 1.371-0.00078579j],"[[ 8.84627811e-01+0.j        -7.87286902e-14-0.4662978j]
 [ 0.00000000e+00+0.4662978j  8.84627811e-01+0.j       ]]",0.00132,(1.371-9e-05j),(1.371-9e-05j),0j
205,[1.371-0.00258687j 1.371-0.00079313j],"[[8.83329914e-01+0.j         4.89885910e-15-0.46875181j]
 [0.00000000e+00+0.46875181j 8.83329914e-01+0.j        ]]",0.001325,(1.371-9e-05j),(1.371-9e-05j),0j
206,[1.371-0.00257944j 1.371-0.00080056j],"[[8.82014389e-01+0.j         1.26010313e-14-0.47122247j]
 [0.00000000e+00+0.47122247j 8.82014389e-01+0.j        ]]",0.00133,(1.371-9e-05j),(1.371-9e-05j),0j
207,[1.371-0.00257192j 1.371-0.00080808j],"[[8.80680761e-01+0.j         7.04991621e-15-0.47371025j]
 [0.00000000e+00+0.47371025j 8.80680761e-01+0.j        ]]",0.001335,(1.371-9e-05j),(1.371-9e-05j),0j
208,[1.371-0.0025643j 1.371-0.0008157j],"[[ 8.79328529e-01+0.j          1.03805853e-13-0.47621564j]
 [-1.16393743e-13+0.47621564j  8.79328529e-01+0.j        ]]",0.00134,(1.371-9e-05j),(1.371-9e-05j),0j
209,[1.371-0.00255659j 1.371-0.00082341j],"[[ 8.77957170e-01+0.j          2.64843703e-13-0.47873918j]
 [-5.38779512e-14+0.47873918j  8.77957170e-01+0.j        ]]",0.001345,(1.371-9e-05j),(1.371-9e-05j),0j
210,[1.371-0.00254878j 1.371-0.00083122j],"[[ 8.76566134e-01+0.j         -3.56104035e-14-0.48128143j]
 [ 0.00000000e+00+0.48128143j  8.76566134e-01+0.j        ]]",0.00135,(1.371-9e-05j),(1.371-9e-05j),0j
211,[1.371-0.00254087j 1.371-0.00083913j],"[[ 8.75154844e-01+0.j         -2.60902411e-15-0.48384295j]
 [ 0.00000000e+00+0.48384295j  8.75154844e-01+0.j        ]]",0.001355,(1.371-9e-05j),(1.371-9e-05j),0j
212,[1.371-0.00253285j 1.371-0.00084715j],"[[ 8.73722693e-01+0.j         -1.26926247e-13-0.48642436j]
 [ 0.00000000e+00+0.48642436j  8.73722693e-01+0.j        ]]",0.00136,(1.371-9e-05j),(1.371-9e-05j),0j
213,[1.371-0.00252473j 1.371-0.00085527j],"[[ 8.72269041e-01+0.j        -2.83106871e-15-0.4890263j]
 [ 0.00000000e+00+0.4890263j  8.72269041e-01+0.j       ]]",0.0013650000000000001,(1.371-9e-05j),(1.371-9e-05j),0j
214,[1.371-0.0025165j 1.371-0.0008635j],"[[ 8.70793216e-01+0.j         -3.98292510e-15-0.49164944j]
 [ 0.00000000e+00+0.49164944j  8.70793216e-01+0.j        ]]",0.00137,(1.371-9e-05j),(1.371-9e-05j),0j
215,[1.371-0.00250815j 1.371-0.00087185j],"[[ 8.69294507e-01+0.j         -1.05068731e-13-0.49429451j]
 [ 7.24955917e-15+0.49429451j  8.69294507e-01+0.j        ]]",0.001375,(1.371-9e-05j),(1.371-9e-05j),0j
216,[1.371-0.00249969j 1.371-0.00088031j],"[[8.67772165e-01+0.j         6.14369666e-14-0.49696224j]
 [0.00000000e+00+0.49696224j 8.67772165e-01+0.j        ]]",0.00138,(1.371-9e-05j),(1.371-9e-05j),0j
217,[1.371-0.00249111j 1.371-0.00088889j],"[[8.66225398e-01+0.j         1.02001740e-14-0.49965344j]
 [0.00000000e+00+0.49965344j 8.66225398e-01+0.j        ]]",0.001385,(1.371-9e-05j),(1.371-9e-05j),0j
218,[1.371-0.0024824j 1.371-0.0008976j],"[[8.64653365e-01+0.j         4.85167462e-14-0.50236895j]
 [0.00000000e+00+0.50236895j 8.64653365e-01+0.j        ]]",0.00139,(1.371-9e-05j),(1.371-9e-05j),0j
219,[1.371-0.00247357j 1.371-0.00090643j],"[[8.63055178e-01+0.j         2.45636844e-15-0.50510965j]
 [0.00000000e+00+0.50510965j 8.63055178e-01+0.j        ]]",0.001395,(1.371-9e-05j),(1.371-9e-05j),0j
220,[1.371-0.0024646j 1.371-0.0009154j],"[[ 8.61429892e-01+0.j        -2.33466024e-13-0.5078765j]
 [ 5.96142736e-14+0.5078765j  8.61429892e-01+0.j       ]]",0.0014,(1.371-9e-05j),(1.371-9e-05j),0j
221,[1.371-0.00245549j 1.371-0.00092451j],"[[ 8.59776504e-01+0.j         2.54352095e-13-0.5106705j]
 [-4.76167900e-14+0.5106705j  8.59776504e-01+0.j       ]]",0.001405,(1.371-9e-05j),(1.371-9e-05j),0j
222,[1.371-0.00244624j 1.371-0.00093376j],"[[ 8.58093946e-01+0.j         -6.41986464e-14-0.51349273j]
 [ 9.26828720e-14+0.51349273j  8.58093946e-01+0.j        ]]",0.00141,(1.371-9e-05j),(1.371-9e-05j),0j
223,[1.371-0.00243684j 1.371-0.00094316j],"[[ 8.56381077e-01+0.j          1.62161951e-13-0.51634431j]
 [-1.28609585e-13+0.51634431j  8.56381077e-01+0.j        ]]",0.001415,(1.371-9e-05j),(1.371-9e-05j),0j
224,[1.371-0.00242729j 1.371-0.00095271j],"[[8.54636682e-01+0.j         7.91033905e-15-0.51922648j]
 [0.00000000e+00+0.51922648j 8.54636682e-01+0.j        ]]",0.00142,(1.371-9e-05j),(1.371-9e-05j),0j
225,[1.371-0.00241758j 1.371-0.00096242j],"[[8.52859457e-01+0.j         2.38420395e-14-0.52214054j]
 [0.00000000e+00+0.52214054j 8.52859457e-01+0.j        ]]",0.001425,(1.371-9e-05j),(1.371-9e-05j),0j
226,[1.371-0.0024077j 1.371-0.0009723j],"[[ 8.51048007e-01+0.j         -6.50035581e-14-0.52508789j]
 [ 0.00000000e+00+0.52508789j  8.51048007e-01+0.j        ]]",0.00143,(1.371-9e-05j),(1.371-9e-05j),0j
227,[1.371-0.00239765j 1.371-0.00098235j],"[[8.49200833e-01+0.j         1.03389519e-14-0.52807002j]
 [0.00000000e+00+0.52807002j 8.49200833e-01+0.j        ]]",0.001435,(1.371-9e-05j),(1.371-9e-05j),0j
228,[1.371-0.00238742j 1.371-0.00099258j],"[[8.47316321e-01+0.j         7.09848846e-14-0.53108855j]
 [0.00000000e+00+0.53108855j 8.47316321e-01+0.j        ]]",0.00144,(1.371-9e-05j),(1.371-9e-05j),0j
229,[1.371-0.002377j 1.371-0.001003j],"[[ 8.45392728e-01+0.j         -6.55031585e-14-0.53414524j]
 [ 1.17731471e-13+0.53414524j  8.45392728e-01+0.j        ]]",0.001445,(1.371-9e-05j),(1.371-9e-05j),0j
230,[1.371-0.00236639j 1.371-0.00101361j],"[[8.43428172e-01+0.j         1.06858966e-15-0.53724195j]
 [0.00000000e+00+0.53724195j 8.43428172e-01+0.j        ]]",0.0014500000000000001,(1.371-9e-05j),(1.371-9e-05j),0j
231,[1.371-0.00235556j 1.371-0.00102444j],"[[ 8.41420613e-01+0.j         -9.88931159e-14-0.54038075j]
 [ 0.00000000e+00+0.54038075j  8.41420613e-01+0.j        ]]",0.001455,(1.371-9e-05j),(1.371-9e-05j),0j
232,[1.371-0.00234452j 1.371-0.00103548j],"[[8.39367829e-01+0.j         1.00142117e-13-0.54356384j]
 [1.01412565e-14+0.54356384j 8.39367829e-01+0.j        ]]",0.00146,(1.371-9e-05j),(1.371-9e-05j),0j
233,[1.371-0.00233325j 1.371-0.00104675j],"[[ 8.37267402e-01+0.j          9.12048215e-14-0.54679365j]
 [-1.34086057e-13+0.54679365j  8.37267402e-01+0.j        ]]",0.001465,(1.371-9e-05j),(1.371-9e-05j),0j
234,[1.371-0.00232174j 1.371-0.00105826j],"[[ 8.35116687e-01+0.j         -1.99840144e-15-0.55007283j]
 [ 0.00000000e+00+0.55007283j  8.35116687e-01+0.j        ]]",0.00147,(1.371-9e-05j),(1.371-9e-05j),0j
235,[1.371-0.00230998j 1.371-0.00107002j],"[[ 8.32912780e-01+0.j         -2.88102875e-14-0.55340428j]
 [-1.94087031e-14+0.55340428j  8.32912780e-01+0.j        ]]",0.001475,(1.371-9e-05j),(1.371-9e-05j),0j
236,[1.371-0.00229795j 1.371-0.00108205j],"[[ 8.30652486e-01+0.j          3.06255021e-13-0.55679121j]
 [-1.68952296e-13+0.55679121j  8.30652486e-01+0.j        ]]",0.00148,(1.371-9e-05j),(1.371-9e-05j),0j
237,[1.371-0.00228563j 1.371-0.00109437j],"[[ 8.28332270e-01+0.j         -9.11423714e-14-0.56023714j]
 [ 0.00000000e+00+0.56023714j  8.28332270e-01+0.j        ]]",0.001485,(1.371-9e-05j),(1.371-9e-05j),0j
238,[1.371-0.00227301j 1.371-0.00110699j],"[[ 8.25948212e-01+0.j       -4.41313652e-15-0.563746j]
 [ 0.00000000e+00+0.563746j  8.25948212e-01+0.j      ]]",0.00149,(1.371-9e-05j),(1.371-9e-05j),0j
239,[1.371-0.00226007j 1.371-0.00111993j],"[[ 8.23495937e-01+0.j         -1.22540866e-13-0.56732217j]
 [ 4.17275603e-14+0.56732217j  8.23495937e-01+0.j        ]]",0.001495,(1.371-9e-05j),(1.371-9e-05j),0j
240,[1.371-0.00224678j 1.371-0.00113322j],"[[ 8.20970545e-01+0.j         -1.58623115e-14-0.57097055j]
 [ 0.00000000e+00+0.57097055j  8.20970545e-01+0.j        ]]",0.0015,(1.371-9e-05j),(1.371-9e-05j),0j
241,[1.371-0.00223312j 1.371-0.00114688j],"[[ 8.18366515e-01+0.j         -3.51385587e-14-0.57469666j]
 [ 4.23764598e-14+0.57469666j  8.18366515e-01+0.j        ]]",0.001505,(1.371-9e-05j),(1.371-9e-05j),0j
242,[1.371-0.00221906j 1.371-0.00116094j],"[[8.15677587e-01+0.j         1.16018306e-14-0.57850676j]
 [0.00000000e+00+0.57850676j 8.15677587e-01+0.j        ]]",0.00151,(1.371-9e-05j),(1.371-9e-05j),0j
243,[1.371-0.00220456j 1.371-0.00117544j],"[[ 8.12896619e-01+0.j         -4.33542091e-14-0.58240801j]
 [-1.29887091e-13+0.58240801j  8.12896619e-01+0.j        ]]",0.001515,(1.371-9e-05j),(1.371-9e-05j),0j
244,[1.371-0.0021896j 1.371-0.0011904j],"[[ 8.10015401e-01+0.j        -8.67361738e-15-0.5864086j]
 [ 0.00000000e+00+0.5864086j  8.10015401e-01+0.j       ]]",0.00152,(1.371-9e-05j),(1.371-9e-05j),0j
245,[1.371-0.00217412j 1.371-0.00120588j],"[[ 8.07024418e-01+0.j         -2.64954725e-13-0.59051807j]
 [ 2.38323708e-13+0.59051807j  8.07024418e-01+0.j        ]]",0.001525,(1.371-9e-05j),(1.371-9e-05j),0j
246,[1.371-0.00215808j 1.371-0.00122192j],"[[ 8.03912540e-01+0.j          1.93345340e-13-0.59474753j]
 [-1.39819032e-13+0.59474753j  8.03912540e-01+0.j        ]]",0.0015300000000000001,(1.371-9e-05j),(1.371-9e-05j),0j
247,[1.371-0.00214141j 1.371-0.00123859j],"[[ 8.00666606e-01+0.j          2.62873057e-13-0.59911016j]
 [-1.49812279e-13+0.59911016j  8.00666606e-01+0.j        ]]",0.0015350000000000001,(1.371-9e-05j),(1.371-9e-05j),0j
248,[1.371-0.00212405j 1.371-0.00125595j],"[[ 7.97270870e-01+0.j        -5.88973315e-14-0.6036217j]
 [ 1.17175471e-13+0.6036217j  7.97270870e-01+0.j       ]]",0.00154,(1.371-9e-05j),(1.371-9e-05j),0j
249,[1.371-0.0021059j 1.371-0.0012741j],"[[ 7.93706226e-01+0.j          1.61121116e-13-0.60830126j]
 [-8.46185099e-14+0.60830126j  7.93706226e-01+0.j        ]]",0.001545,(1.371-9e-05j),(1.371-9e-05j),0j
250,[1.371-0.00208686j 1.371-0.00129314j],"[[ 7.89949108e-01+0.j         -2.10387263e-13-0.61317241j]
 [ 1.31266585e-13+0.61317241j  7.89949108e-01+0.j        ]]",0.00155,(1.371-9e-05j),(1.371-9e-05j),0j
251,[1.371-0.0020668j 1.371-0.0013132j],"[[ 7.85969883e-01+0.j         -4.66932049e-13-0.61826478j]
 [ 3.18840405e-13+0.61826478j  7.85969883e-01+0.j        ]]",0.001555,(1.371-9e-05j),(1.371-9e-05j),0j
252,[1.371-0.00204553j 1.371-0.00133447j],"[[ 7.81730408e-01+0.j         -1.29452005e-13-0.62361652j]
 [ 4.81998346e-14+0.62361652j  7.81730408e-01+0.j        ]]",0.00156,(1.371-9e-05j),(1.371-9e-05j),0j
253,[1.371-0.00202283j 1.371-0.00135717j],"[[ 7.77180156e-01+0.j         -2.42778020e-13-0.62927816j]
 [ 2.07074094e-13+0.62927816j  7.77180156e-01+0.j        ]]",0.001565,(1.371-9e-05j),(1.371-9e-05j),0j
254,[1.371-0.00199838j 1.371-0.00138162j],"[[ 7.72249733e-01+0.j          4.86222174e-13-0.63531909j]
 [-3.89544045e-13+0.63531909j  7.72249733e-01+0.j        ]]",0.00157,(1.371-9e-05j),(1.371-9e-05j),0j
255,[1.371-0.00197174j 1.371-0.00140826j],"[[ 7.66839229e-01+0.j          1.51212376e-13-0.64183923j]
 [-1.24097877e-13+0.64183923j  7.66839229e-01+0.j        ]]",0.001575,(1.371-9e-05j),(1.371-9e-05j),0j
256,[1.371-0.00194219j 1.371-0.00143781j],"[[ 7.60795308e-01+0.j          1.30839783e-13-0.64899191j]
 [-1.46846053e-13+0.64899191j  7.60795308e-01+0.j        ]]",0.00158,(1.371-9e-05j),(1.371-9e-05j),0j
257,[1.371-0.00190857j 1.371-0.00147143j],"[[ 7.53859845e-01+0.j          3.38118422e-13-0.65703526j]
 [-3.93105796e-13+0.65703526j  7.53859845e-01+0.j        ]]",0.001585,(1.371-9e-05j),(1.371-9e-05j),0j
258,[1.371-0.00186861j 1.371-0.00151139j],"[[ 7.45529533e-01+0.j          1.91235916e-13-0.66647259j]
 [-8.06561570e-14+0.66647259j  7.45529533e-01+0.j        ]]",0.00159,(1.371-9e-05j),(1.371-9e-05j),0j
259,[1.371-0.00181639j 1.371-0.00156361j],"[[ 7.34504988e-01+0.j         -5.67379477e-13-0.67860329j]
 [ 5.70574463e-13+0.67860329j  7.34504988e-01+0.j        ]]",0.001595,(1.371-9e-05j),(1.371-9e-05j),0j
260,[1.371-0.00169j 1.371-0.00169j],"[[ 1.07539695e-07-0.70710671j  7.07106857e-01+0.j        ]
 [ 7.07106857e-01+0.j         -1.07539692e-07+0.70710671j]]",0.0016,(1.371-9e-05j),(1.371-9e-05j),0j
261,[1.37112659-0.00169j 1.37087341-0.00169j],"[[ 0.70710678+0.j         -0.05577107-0.70490396j]
 [ 0.05577107+0.70490396j  0.70710678+0.j        ]]",0.001605,(1.371-9e-05j),(1.371-9e-05j),0j
262,[1.37117916-0.00169j 1.37082084-0.00169j],"[[ 0.07868857-0.70271481j  0.70710678+0.j        ]
 [ 0.70710678+0.j         -0.07868857+0.70271481j]]",0.00161,(1.371-9e-05j),(1.371-9e-05j),0j
263,[1.3712196-0.00169j 1.3707804-0.00169j],"[[ 0.70710678+0.j         -0.09614985-0.70053923j]
 [ 0.09614985+0.70053923j  0.70710678+0.j        ]]",0.0016150000000000001,(1.371-9e-05j),(1.371-9e-05j),0j
264,[1.37125377-0.00169j 1.37074623-0.00169j],"[[ 0.70710678+0.j         -0.11076764-0.69837707j]
 [ 0.11076764+0.69837707j  0.70710678+0.j        ]]",0.0016200000000000001,(1.371-9e-05j),(1.371-9e-05j),0j
265,[1.37128395-0.00169j 1.37071605-0.00169j],"[[ 0.70710678+0.j         -0.12355676-0.69622822j]
 [ 0.12355676+0.69622822j  0.70710678+0.j        ]]",0.001625,(1.371-9e-05j),(1.371-9e-05j),0j
266,[1.37131129-0.00169j 1.37068871-0.00169j],"[[ 0.13503902-0.69409255j  0.70710678+0.j        ]
 [ 0.70710678+0.j         -0.13503902+0.69409255j]]",0.00163,(1.371-9e-05j),(1.371-9e-05j),0j
267,[1.37133649-0.00169j 1.37066351-0.00169j],"[[ 0.14552527-0.69196994j  0.70710678+0.j        ]
 [ 0.70710678+0.j         -0.14552527+0.69196994j]]",0.001635,(1.371-9e-05j),(1.371-9e-05j),0j
268,[1.37136-0.00169j 1.37064-0.00169j],"[[ 0.70710678+0.j         -0.15521856-0.68986027j]
 [ 0.15521856+0.68986027j  0.70710678+0.j        ]]",0.00164,(1.371-9e-05j),(1.371-9e-05j),0j
269,[1.37138213-0.00169j 1.37061787-0.00169j],"[[ 0.16426034-0.68776343j  0.70710678+0.j        ]
 [ 0.70710678+0.j         -0.16426034+0.68776343j]]",0.001645,(1.371-9e-05j),(1.371-9e-05j),0j
270,[1.37140311-0.00169j 1.37059689-0.00169j],"[[ 0.17275385-0.6856793j  0.70710678+0.j       ]
 [ 0.70710678+0.j        -0.17275385+0.6856793j]]",0.00165,(1.371-9e-05j),(1.371-9e-05j),0j
271,[1.37142311-0.00169j 1.37057689-0.00169j],"[[ 0.18077728-0.68360776j  0.70710678+0.j        ]
 [ 0.70710678+0.j         -0.18077728+0.68360776j]]",0.001655,(1.371-9e-05j),(1.371-9e-05j),0j
272,[1.37144227-0.00169j 1.37055773-0.00169j],"[[ 0.18839152-0.6815487j  0.70710678+0.j       ]
 [ 0.70710678+0.j        -0.18839152+0.6815487j]]",0.00166,(1.371-9e-05j),(1.371-9e-05j),0j
273,[1.37146068-0.00169j 1.37053932-0.00169j],"[[ 0.70710678+0.j         -0.19564513-0.67950201j]
 [ 0.19564513+0.67950201j  0.70710678+0.j        ]]",0.001665,(1.371-9e-05j),(1.371-9e-05j),0j
274,[1.37147843-0.00169j 1.37052157-0.00169j],"[[ 0.70710678+0.j         -0.2025776 -0.67746757j]
 [ 0.2025776 +0.67746757j  0.70710678+0.j        ]]",0.00167,(1.371-9e-05j),(1.371-9e-05j),0j
275,[1.37149561-0.00169j 1.37050439-0.00169j],"[[ 0.20922158-0.67544528j  0.70710678+0.j        ]
 [ 0.70710678+0.j         -0.20922158+0.67544528j]]",0.001675,(1.371-9e-05j),(1.371-9e-05j),0j
276,[1.37151225-0.00169j 1.37048775-0.00169j],"[[ 0.70710678+0.j         -0.21560441-0.67343503j]
 [ 0.21560441+0.67343503j  0.70710678+0.j        ]]",0.00168,(1.371-9e-05j),(1.371-9e-05j),0j
277,[1.37152842-0.00169j 1.37047158-0.00169j],"[[ 0.70710678+0.j         -0.22174929-0.67143671j]
 [ 0.22174929+0.67143671j  0.70710678+0.j        ]]",0.001685,(1.371-9e-05j),(1.371-9e-05j),0j
278,[1.37154415-0.00169j 1.37045585-0.00169j],"[[ 0.22767613-0.66945021j  0.70710678+0.j        ]
 [ 0.70710678+0.j         -0.22767613+0.66945021j]]",0.00169,(1.371-9e-05j),(1.371-9e-05j),0j
279,[1.37155949-0.00169j 1.37044051-0.00169j],"[[ 0.70710678+0.j         -0.23340213-0.66747543j]
 [ 0.23340213+0.66747543j  0.70710678+0.j        ]]",0.0016950000000000001,(1.371-9e-05j),(1.371-9e-05j),0j
280,[1.37157446-0.00169j 1.37042554-0.00169j],"[[ 0.70710678+0.j         -0.23894231-0.66551226j]
 [ 0.23894231+0.66551226j  0.70710678+0.j        ]]",0.0017000000000000001,(1.371-9e-05j),(1.371-9e-05j),0j
281,[1.37158909-0.00169j 1.37041091-0.00169j],"[[ 0.24430986-0.66356062j  0.70710678+0.j        ]
 [ 0.70710678+0.j         -0.24430986+0.66356062j]]",0.0017050000000000001,(1.371-9e-05j),(1.371-9e-05j),0j
282,[1.37160341-0.00169j 1.37039659-0.00169j],"[[ 0.70710678+0.j         -0.24951648-0.66162038j]
 [ 0.24951648+0.66162038j  0.70710678+0.j        ]]",0.00171,(1.371-9e-05j),(1.371-9e-05j),0j
283,[1.37161743-0.00169j 1.37038257-0.00169j],"[[ 0.25457255-0.65969146j  0.70710678+0.j        ]
 [ 0.70710678+0.j         -0.25457255+0.65969146j]]",0.001715,(1.371-9e-05j),(1.371-9e-05j),0j
284,[1.37163119-0.00169j 1.37036881-0.00169j],"[[ 0.25948737-0.65777375j  0.70710678+0.j        ]
 [ 0.70710678+0.j         -0.25948737+0.65777375j]]",0.00172,(1.371-9e-05j),(1.371-9e-05j),0j
285,[1.37164469-0.00169j 1.37035531-0.00169j],"[[ 0.70710678+0.j         -0.26426931-0.65586716j]
 [ 0.26426931+0.65586716j  0.70710678+0.j        ]]",0.001725,(1.371-9e-05j),(1.371-9e-05j),0j
286,[1.37165795-0.00169j 1.37034205-0.00169j],"[[ 0.26892594-0.65397159j  0.70710678+0.j        ]
 [ 0.70710678+0.j         -0.26892594+0.65397159j]]",0.00173,(1.371-9e-05j),(1.371-9e-05j),0j
287,[1.37167099-0.00169j 1.37032901-0.00169j],"[[ 0.2734641 -0.65208695j  0.70710678+0.j        ]
 [ 0.70710678+0.j         -0.2734641 +0.65208695j]]",0.001735,(1.371-9e-05j),(1.371-9e-05j),0j
288,[1.37168381-0.00169j 1.37031619-0.00169j],"[[ 0.27789006-0.65021313j  0.70710678+0.j        ]
 [ 0.70710678+0.j         -0.27789006+0.65021313j]]",0.00174,(1.371-9e-05j),(1.371-9e-05j),0j
289,[1.37169644-0.00169j 1.37030356-0.00169j],"[[ 0.70710678+0.j         -0.2822095 -0.64835006j]
 [ 0.2822095 +0.64835006j  0.70710678+0.j        ]]",0.001745,(1.371-9e-05j),(1.371-9e-05j),0j
290,[1.37170887-0.00169j 1.37029113-0.00169j],"[[ 0.28642768-0.64649763j  0.70710678+0.j        ]
 [ 0.70710678+0.j         -0.28642768+0.64649763j]]",0.00175,(1.371-9e-05j),(1.371-9e-05j),0j
291,[1.37172113-0.00169j 1.37027887-0.00169j],"[[ 0.29054941-0.64465575j  0.70710678+0.j        ]
 [ 0.70710678+0.j         -0.29054941+0.64465575j]]",0.001755,(1.371-9e-05j),(1.371-9e-05j),0j
292,[1.37173321-0.00169j 1.37026679-0.00169j],"[[ 0.29457912-0.64282435j -0.29457912-0.64282435j]
 [ 0.70710678+0.j          0.70710678+0.j        ]]",0.00176,(1.371-9e-05j),(1.371-9e-05j),0j
293,[1.37174513-0.00169j 1.37025487-0.00169j],"[[ 0.29852094-0.64100331j  0.70710678+0.j        ]
 [ 0.70710678+0.j         -0.29852094+0.64100331j]]",0.001765,(1.371-9e-05j),(1.371-9e-05j),0j
294,[1.3717569-0.00169j 1.3702431-0.00169j],"[[ 0.30237867-0.63919257j -0.30237867-0.63919257j]
 [ 0.70710678+0.j          0.70710678+0.j        ]]",0.00177,(1.371-9e-05j),(1.371-9e-05j),0j
295,[1.37176852-0.00169j 1.37023148-0.00169j],"[[ 0.30615585-0.63739203j  0.70710678+0.j        ]
 [ 0.70710678+0.j         -0.30615585+0.63739203j]]",0.001775,(1.371-9e-05j),(1.371-9e-05j),0j
296,[1.37178-0.00169j 1.37022-0.00169j],"[[ 0.70710678+0.j        -0.30985578-0.6356016j]
 [ 0.30985578+0.6356016j  0.70710678+0.j       ]]",0.0017800000000000001,(1.371-9e-05j),(1.371-9e-05j),0j
297,[1.37179134-0.00169j 1.37020866-0.00169j],"[[ 0.31348155-0.6338212j  0.70710678+0.j       ]
 [ 0.70710678+0.j        -0.31348155+0.6338212j]]",0.0017850000000000001,(1.371-9e-05j),(1.371-9e-05j),0j
298,[1.37180256-0.00169j 1.37019744-0.00169j],"[[ 0.70710678+0.j         -0.31703603-0.63205075j]
 [ 0.31703603+0.63205075j  0.70710678+0.j        ]]",0.0017900000000000001,(1.371-9e-05j),(1.371-9e-05j),0j
299,[1.37181365-0.00169j 1.37018635-0.00169j],"[[ 0.32052193-0.63029017j  0.70710678+0.j        ]
 [ 0.70710678+0.j         -0.32052193+0.63029017j]]",0.001795,(1.371-9e-05j),(1.371-9e-05j),0j
300,[1.37182462-0.00169j 1.37017538-0.00169j],"[[ 0.32394177-0.62853936j  0.70710678+0.j        ]
 [ 0.70710678+0.j         -0.32394177+0.62853936j]]",0.0018,(1.371-9e-05j),(1.371-9e-05j),0j
301,[1.37183548-0.00169j 1.37016452-0.00169j],"[[ 0.32729795-0.62679825j  0.70710678+0.j        ]
 [ 0.70710678+0.j         -0.32729795+0.62679825j]]",0.001805,(1.371-9e-05j),(1.371-9e-05j),0j
302,[1.37184623-0.00169j 1.37015377-0.00169j],"[[ 0.70710678+0.j         -0.3305927 -0.62506677j]
 [ 0.3305927 +0.62506677j  0.70710678+0.j        ]]",0.00181,(1.371-9e-05j),(1.371-9e-05j),0j
303,[1.37185687-0.00169j 1.37014313-0.00169j],"[[ 0.70710678+0.j         -0.33382815-0.62334482j]
 [ 0.33382815+0.62334482j  0.70710678+0.j        ]]",0.001815,(1.371-9e-05j),(1.371-9e-05j),0j
304,[1.37186741-0.00169j 1.37013259-0.00169j],"[[ 0.70710678+0.j         -0.33700629-0.62163234j]
 [ 0.33700629+0.62163234j  0.70710678+0.j        ]]",0.00182,(1.371-9e-05j),(1.371-9e-05j),0j
305,[1.37187785-0.00169j 1.37012215-0.00169j],"[[ 0.34012901-0.61992923j  0.70710678+0.j        ]
 [ 0.70710678+0.j         -0.34012901+0.61992923j]]",0.001825,(1.371-9e-05j),(1.371-9e-05j),0j
306,[1.3718882-0.00169j 1.3701118-0.00169j],"[[ 0.34319811-0.61823544j  0.70710678+0.j        ]
 [ 0.70710678+0.j         -0.34319811+0.61823544j]]",0.00183,(1.371-9e-05j),(1.371-9e-05j),0j
307,[1.37189846-0.00169j 1.37010154-0.00169j],"[[ 0.34621528-0.61655087j  0.70710678+0.j        ]
 [ 0.70710678+0.j         -0.34621528+0.61655087j]]",0.001835,(1.371-9e-05j),(1.371-9e-05j),0j
308,[1.37190863-0.00169j 1.37009137-0.00169j],"[[ 0.70710678+0.j         -0.34918214-0.61487546j]
 [ 0.34918214+0.61487546j  0.70710678+0.j        ]]",0.00184,(1.371-9e-05j),(1.371-9e-05j),0j
309,[1.37191871-0.00169j 1.37008129-0.00169j],"[[ 0.35210021-0.61320913j  0.70710678+0.j        ]
 [ 0.70710678+0.j         -0.35210021+0.61320913j]]",0.001845,(1.371-9e-05j),(1.371-9e-05j),0j
310,[1.37192871-0.00169j 1.37007129-0.00169j],"[[ 0.70710678+0.j         -0.35497096-0.61155181j]
 [ 0.35497096+0.61155181j  0.70710678+0.j        ]]",0.00185,(1.371-9e-05j),(1.371-9e-05j),0j
311,[1.37193863-0.00169j 1.37006137-0.00169j],"[[ 0.35779577-0.60990342j  0.70710678+0.j        ]
 [ 0.70710678+0.j         -0.35779577+0.60990342j]]",0.001855,(1.371-9e-05j),(1.371-9e-05j),0j
312,[1.37194847-0.00169j 1.37005153-0.00169j],"[[ 0.70710678+0.j         0.70710678+0.j       ]
 [ 0.36057597+0.6082639j -0.36057597+0.6082639j]]",0.00186,(1.371-9e-05j),(1.371-9e-05j),0j
313,[1.37195824-0.00169j 1.37004176-0.00169j],"[[ 0.70710678+0.j         -0.36331282-0.60663316j]
 [ 0.36331282+0.60663316j  0.70710678+0.j        ]]",0.0018650000000000001,(1.371-9e-05j),(1.371-9e-05j),0j
314,[1.37196794-0.00169j 1.37003206-0.00169j],"[[ 0.70710678+0.j         -0.36600753-0.60501115j]
 [ 0.36600753+0.60501115j  0.70710678+0.j        ]]",0.0018700000000000001,(1.371-9e-05j),(1.371-9e-05j),0j
315,[1.37197756-0.00169j 1.37002244-0.00169j],"[[ 0.36866124-0.60339779j  0.70710678+0.j        ]
 [ 0.70710678+0.j         -0.36866124+0.60339779j]]",0.0018750000000000001,(1.371-9e-05j),(1.371-9e-05j),0j
316,[1.37198712-0.00169j 1.37001288-0.00169j],"[[ 0.37127507-0.60179301j  0.70710678+0.j        ]
 [ 0.70710678+0.j         -0.37127507+0.60179301j]]",0.00188,(1.371-9e-05j),(1.371-9e-05j),0j
317,[1.37199661-0.00169j 1.37000339-0.00169j],"[[ 0.37385007-0.60019674j  0.70710678+0.j        ]
 [ 0.70710678+0.j         -0.37385007+0.60019674j]]",0.001885,(1.371-9e-05j),(1.371-9e-05j),0j
318,[1.37200603-0.00169j 1.36999397-0.00169j],"[[ 0.70710678+0.j         -0.37638726-0.59860892j]
 [ 0.37638726+0.59860892j  0.70710678+0.j        ]]",0.00189,(1.371-9e-05j),(1.371-9e-05j),0j
319,[1.37201539-0.00169j 1.36998461-0.00169j],"[[ 0.37888759-0.59702947j  0.70710678+0.j        ]
 [ 0.70710678+0.j         -0.37888759+0.59702947j]]",0.001895,(1.371-9e-05j),(1.371-9e-05j),0j
320,[1.3720247-0.00169j 1.3699753-0.00169j],"[[ 0.38135202-0.59545834j  0.70710678+0.j        ]
 [ 0.70710678+0.j         -0.38135202+0.59545834j]]",0.0019,(1.371-9e-05j),(1.371-9e-05j),0j
321,[1.37203394-0.00169j 1.36996606-0.00169j],"[[ 0.70710678+0.j         -0.38378143-0.59389546j]
 [ 0.38378143+0.59389546j  0.70710678+0.j        ]]",0.001905,(1.371-9e-05j),(1.371-9e-05j),0j
322,[1.37204312-0.00169j 1.36995688-0.00169j],"[[ 0.70710678+0.j         -0.38617668-0.59234076j]
 [ 0.38617668+0.59234076j  0.70710678+0.j        ]]",0.00191,(1.371-9e-05j),(1.371-9e-05j),0j
323,[1.37205225-0.00169j 1.36994775-0.00169j],"[[ 0.3885386 -0.59079418j  0.70710678+0.j        ]
 [ 0.70710678+0.j         -0.3885386 +0.59079418j]]",0.001915,(1.371-9e-05j),(1.371-9e-05j),0j
324,[1.37206132-0.00169j 1.36993868-0.00169j],"[[ 0.39086798-0.58925565j  0.70710678+0.j        ]
 [ 0.70710678+0.j         -0.39086798+0.58925565j]]",0.00192,(1.371-9e-05j),(1.371-9e-05j),0j
325,[1.37207034-0.00169j 1.36992966-0.00169j],"[[ 0.70710678+0.j         -0.3931656 -0.58772512j]
 [ 0.3931656 +0.58772512j  0.70710678+0.j        ]]",0.001925,(1.371-9e-05j),(1.371-9e-05j),0j
326,[1.37207931-0.00169j 1.36992069-0.00169j],"[[ 0.39543219-0.58620251j  0.70710678+0.j        ]
 [ 0.70710678+0.j         -0.39543219+0.58620251j]]",0.00193,(1.371-9e-05j),(1.371-9e-05j),0j
327,[1.37208822-0.00169j 1.36991178-0.00169j],"[[ 0.39766846-0.58468778j  0.70710678+0.j        ]
 [ 0.70710678+0.j         -0.39766846+0.58468778j]]",0.001935,(1.371-9e-05j),(1.371-9e-05j),0j
328,[1.37209709-0.00169j 1.36990291-0.00169j],"[[ 0.3998751 -0.58318085j  0.70710678+0.j        ]
 [ 0.70710678+0.j         -0.3998751 +0.58318085j]]",0.00194,(1.371-9e-05j),(1.371-9e-05j),0j
329,[1.3721059-0.00169j 1.3698941-0.00169j],"[[ 0.70710678+0.j         -0.40205277-0.58168167j]
 [ 0.40205277+0.58168167j  0.70710678+0.j        ]]",0.0019450000000000001,(1.371-9e-05j),(1.371-9e-05j),0j
330,[1.37211467-0.00169j 1.36988533-0.00169j],"[[ 0.70710678+0.j         -0.40420212-0.58019018j]
 [ 0.40420212+0.58019018j  0.70710678+0.j        ]]",0.0019500000000000001,(1.371-9e-05j),(1.371-9e-05j),0j
331,[1.3721234-0.00169j 1.3698766-0.00169j],"[[ 0.70710678+0.j         -0.40632376-0.57870632j]
 [ 0.40632376+0.57870632j  0.70710678+0.j        ]]",0.001955,(1.371-9e-05j),(1.371-9e-05j),0j
332,[1.37213208-0.00169j 1.36986792-0.00169j],"[[ 0.40841829-0.57723003j  0.70710678+0.j        ]
 [ 0.70710678+0.j         -0.40841829+0.57723003j]]",0.0019600000000000004,(1.371-9e-05j),(1.371-9e-05j),0j
333,[1.37214071-0.00169j 1.36985929-0.00169j],"[[ 0.41048628-0.57576125j  0.70710678+0.j        ]
 [ 0.70710678+0.j         -0.41048628+0.57576125j]]",0.001965,(1.371-9e-05j),(1.371-9e-05j),0j
334,[1.3721493-0.00169j 1.3698507-0.00169j],"[[ 0.4125283 -0.57429992j  0.70710678+0.j        ]
 [ 0.70710678+0.j         -0.4125283 +0.57429992j]]",0.00197,(1.371-9e-05j),(1.371-9e-05j),0j
335,[1.37215785-0.00169j 1.36984215-0.00169j],"[[ 0.70710678+0.j        0.70710678+0.j      ]
 [ 0.41454488+0.572846j -0.41454488+0.572846j]]",0.001975,(1.371-9e-05j),(1.371-9e-05j),0j
336,[1.37216636-0.00169j 1.36983364-0.00169j],"[[ 0.70710678+0.j         -0.41653656-0.57139942j]
 [ 0.41653656+0.57139942j  0.70710678+0.j        ]]",0.00198,(1.371-9e-05j),(1.371-9e-05j),0j
337,[1.37217483-0.00169j 1.36982517-0.00169j],"[[ 0.70710678+0.j         -0.41850383-0.56996013j]
 [ 0.41850383+0.56996013j  0.70710678+0.j        ]]",0.0019850000000000002,(1.371-9e-05j),(1.371-9e-05j),0j
338,[1.37218326-0.00169j 1.36981674-0.00169j],"[[ 0.42044719-0.56852807j  0.70710678+0.j        ]
 [ 0.70710678+0.j         -0.42044719+0.56852807j]]",0.00199,(1.371-9e-05j),(1.371-9e-05j),0j
339,[1.37219165-0.00169j 1.36980835-0.00169j],"[[ 0.42236712-0.56710318j  0.70710678+0.j        ]
 [ 0.70710678+0.j         -0.42236712+0.56710318j]]",0.0019950000000000002,(1.371-9e-05j),(1.371-9e-05j),0j
340,[1.3722-0.00169j 1.3698-0.00169j],"[[ 0.70710678+0.j         -0.42426407-0.56568542j]
 [ 0.42426407+0.56568542j  0.70710678+0.j        ]]",0.002,(1.371-9e-05j),(1.371-9e-05j),0j
341,[1.37220831-0.00169j 1.36979169-0.00169j],"[[ 0.4261385 -0.56427474j  0.70710678+0.j        ]
 [ 0.70710678+0.j         -0.4261385 +0.56427474j]]",0.0020050000000000003,(1.371-9e-05j),(1.371-9e-05j),0j
342,[1.37221659-0.00169j 1.36978341-0.00169j],"[[ 0.70710678+0.j         -0.42799084-0.56287107j]
 [ 0.42799084+0.56287107j  0.70710678+0.j        ]]",0.00201,(1.371-9e-05j),(1.371-9e-05j),0j
343,[1.37222484-0.00169j 1.36977516-0.00169j],"[[ 0.42982152-0.56147437j  0.70710678+0.j        ]
 [ 0.70710678+0.j         -0.42982152+0.56147437j]]",0.0020150000000000003,(1.371-9e-05j),(1.371-9e-05j),0j
344,[1.37223305-0.00169j 1.36976695-0.00169j],"[[ 0.43163094-0.56008458j  0.70710678+0.j        ]
 [ 0.70710678+0.j         -0.43163094+0.56008458j]]",0.00202,(1.371-9e-05j),(1.371-9e-05j),0j
345,[1.37224122-0.00169j 1.36975878-0.00169j],"[[ 0.4334195 -0.55870165j  0.70710678+0.j        ]
 [ 0.70710678+0.j         -0.4334195 +0.55870165j]]",0.0020250000000000003,(1.371-9e-05j),(1.371-9e-05j),0j
346,[1.37224936-0.00169j 1.36975064-0.00169j],"[[ 0.43518759-0.55732554j  0.70710678+0.j        ]
 [ 0.70710678+0.j         -0.43518759+0.55732554j]]",0.00203,(1.371-9e-05j),(1.371-9e-05j),0j
347,[1.37225747-0.00169j 1.36974253-0.00169j],"[[ 0.70710678+0.j          0.70710678+0.j        ]
 [ 0.43693559+0.55595619j -0.43693559+0.55595619j]]",0.0020350000000000004,(1.371-9e-05j),(1.371-9e-05j),0j
348,[1.37226554-0.00169j 1.36973446-0.00169j],"[[ 0.43866387-0.55459355j -0.43866387-0.55459355j]
 [ 0.70710678+0.j          0.70710678+0.j        ]]",0.00204,(1.371-9e-05j),(1.371-9e-05j),0j
349,[1.37227359-0.00169j 1.36972641-0.00169j],"[[ 0.44037277-0.55323758j -0.44037277-0.55323758j]
 [ 0.70710678+0.j          0.70710678+0.j        ]]",0.0020450000000000004,(1.371-9e-05j),(1.371-9e-05j),0j
350,[1.3722816-0.00169j 1.3697184-0.00169j],"[[ 0.70710678+0.j         -0.44206266-0.55188822j]
 [ 0.44206266+0.55188822j  0.70710678+0.j        ]]",0.00205,(1.371-9e-05j),(1.371-9e-05j),0j
351,[1.37228958-0.00169j 1.36971042-0.00169j],"[[ 0.44373386-0.55054543j  0.70710678+0.j        ]
 [ 0.70710678+0.j         -0.44373386+0.55054543j]]",0.002055,(1.371-9e-05j),(1.371-9e-05j),0j
352,[1.37229754-0.00169j 1.36970246-0.00169j],"[[ 0.70710678+0.j          0.70710678+0.j        ]
 [ 0.4453867 +0.54920915j -0.4453867 +0.54920915j]]",0.00206,(1.371-9e-05j),(1.371-9e-05j),0j
353,[1.37230546-0.00169j 1.36969454-0.00169j],"[[ 0.70710678+0.j         -0.4470215 -0.54787935j]
 [ 0.4470215 +0.54787935j  0.70710678+0.j        ]]",0.002065,(1.371-9e-05j),(1.371-9e-05j),0j
354,[1.37231335-0.00169j 1.36968665-0.00169j],"[[ 0.70710678+0.j         -0.44863858-0.54655597j]
 [ 0.44863858+0.54655597j  0.70710678+0.j        ]]",0.0020700000000000002,(1.371-9e-05j),(1.371-9e-05j),0j
355,[1.37232122-0.00169j 1.36967878-0.00169j],"[[ 0.70710678+0.j          0.70710678+0.j        ]
 [ 0.45023824+0.54523896j -0.45023824+0.54523896j]]",0.002075,(1.371-9e-05j),(1.371-9e-05j),0j
356,[1.37232906-0.00169j 1.36967094-0.00169j],"[[ 0.45182077-0.54392829j -0.45182077-0.54392829j]
 [ 0.70710678+0.j          0.70710678+0.j        ]]",0.0020800000000000003,(1.371-9e-05j),(1.371-9e-05j),0j
357,[1.37233687-0.00169j 1.36966313-0.00169j],"[[ 0.70710678+0.j         -0.45338647-0.54262391j]
 [ 0.45338647+0.54262391j  0.70710678+0.j        ]]",0.002085,(1.371-9e-05j),(1.371-9e-05j),0j
358,[1.37234466-0.00169j 1.36965534-0.00169j],"[[ 0.45493562-0.54132577j -0.45493562-0.54132577j]
 [ 0.70710678+0.j          0.70710678+0.j        ]]",0.0020900000000000003,(1.371-9e-05j),(1.371-9e-05j),0j
359,[1.37235241-0.00169j 1.36964759-0.00169j],"[[ 0.70710678+0.j          0.70710678+0.j        ]
 [ 0.45646848+0.54003382j -0.45646848+0.54003382j]]",0.002095,(1.371-9e-05j),(1.371-9e-05j),0j
360,[1.37236015-0.00169j 1.36963985-0.00169j],"[[ 0.45798533-0.53874802j  0.70710678+0.j        ]
 [ 0.70710678+0.j         -0.45798533+0.53874802j]]",0.0021000000000000003,(1.371-9e-05j),(1.371-9e-05j),0j
361,[1.37236785-0.00169j 1.36963215-0.00169j],"[[ 0.45948644-0.53746834j  0.70710678+0.j        ]
 [ 0.70710678+0.j         -0.45948644+0.53746834j]]",0.002105,(1.371-9e-05j),(1.371-9e-05j),0j
362,[1.37237554-0.00169j 1.36962446-0.00169j],"[[ 0.70710678+0.j          0.70710678+0.j        ]
 [ 0.46097205+0.53619472j -0.46097205+0.53619472j]]",0.0021100000000000003,(1.371-9e-05j),(1.371-9e-05j),0j
363,[1.37238319-0.00169j 1.36961681-0.00169j],"[[ 0.46244241-0.53492712j  0.70710678+0.j        ]
 [ 0.70710678+0.j         -0.46244241+0.53492712j]]",0.002115,(1.371-9e-05j),(1.371-9e-05j),0j
364,[1.37239083-0.00169j 1.36960917-0.00169j],"[[ 0.46389777-0.5336655j -0.46389777-0.5336655j]
 [ 0.70710678+0.j         0.70710678+0.j       ]]",0.0021200000000000004,(1.371-9e-05j),(1.371-9e-05j),0j
365,[1.37239844-0.00169j 1.36960156-0.00169j],"[[ 0.46533836-0.53240981j  0.70710678+0.j        ]
 [ 0.70710678+0.j         -0.46533836+0.53240981j]]",0.002125,(1.371-9e-05j),(1.371-9e-05j),0j
366,[1.37240602-0.00169j 1.36959398-0.00169j],"[[ 0.46676443-0.53116002j  0.70710678+0.j        ]
 [ 0.70710678+0.j         -0.46676443+0.53116002j]]",0.0021300000000000004,(1.371-9e-05j),(1.371-9e-05j),0j
367,[1.37241359-0.00169j 1.36958641-0.00169j],"[[ 0.70710678+0.j         -0.46817618-0.52991609j]
 [ 0.46817618+0.52991609j  0.70710678+0.j        ]]",0.002135,(1.371-9e-05j),(1.371-9e-05j),0j
368,[1.37242113-0.00169j 1.36957887-0.00169j],"[[ 0.46957386-0.52867797j  0.70710678+0.j        ]
 [ 0.70710678+0.j         -0.46957386+0.52867797j]]",0.00214,(1.371-9e-05j),(1.371-9e-05j),0j
369,[1.37242864-0.00169j 1.36957136-0.00169j],"[[ 0.70710678+0.j         -0.47095766-0.52744562j]
 [ 0.47095766+0.52744562j  0.70710678+0.j        ]]",0.002145,(1.371-9e-05j),(1.371-9e-05j),0j
370,[1.37243614-0.00169j 1.36956386-0.00169j],"[[ 0.70710678+0.j        0.70710678+0.j      ]
 [ 0.47232781+0.526219j -0.47232781+0.526219j]]",0.00215,(1.371-9e-05j),(1.371-9e-05j),0j
371,[1.37244362-0.00169j 1.36955638-0.00169j],"[[ 0.47368452-0.52499807j  0.70710678+0.j        ]
 [ 0.70710678+0.j         -0.47368452+0.52499807j]]",0.0021550000000000002,(1.371-9e-05j),(1.371-9e-05j),0j
372,[1.37245107-0.00169j 1.36954893-0.00169j],"[[ 0.70710678+0.j        -0.47502798-0.5237828j]
 [ 0.47502798+0.5237828j  0.70710678+0.j       ]]",0.00216,(1.371-9e-05j),(1.371-9e-05j),0j
373,[1.3724585-0.00169j 1.3695415-0.00169j],"[[ 0.70710678+0.j         -0.47635839-0.52257314j]
 [ 0.47635839+0.52257314j  0.70710678+0.j        ]]",0.0021650000000000003,(1.371-9e-05j),(1.371-9e-05j),0j
374,[1.37246591-0.00169j 1.36953409-0.00169j],"[[ 0.47767594-0.52136906j  0.70710678+0.j        ]
 [ 0.70710678+0.j         -0.47767594+0.52136906j]]",0.00217,(1.371-9e-05j),(1.371-9e-05j),0j
375,[1.3724733-0.00169j 1.3695267-0.00169j],"[[ 0.70710678+0.j          0.70710678+0.j        ]
 [ 0.47898084+0.52017051j -0.47898084+0.52017051j]]",0.0021750000000000003,(1.371-9e-05j),(1.371-9e-05j),0j
376,[1.37248068-0.00169j 1.36951932-0.00169j],"[[ 0.70710678+0.j         -0.48027326-0.51897745j]
 [ 0.48027326+0.51897745j  0.70710678+0.j        ]]",0.00218,(1.371-9e-05j),(1.371-9e-05j),0j
377,[1.37248803-0.00169j 1.36951197-0.00169j],"[[ 0.70710678+0.j         -0.48155338-0.51778986j]
 [ 0.48155338+0.51778986j  0.70710678+0.j        ]]",0.0021850000000000003,(1.371-9e-05j),(1.371-9e-05j),0j
378,[1.37249536-0.00169j 1.36950464-0.00169j],"[[ 0.70710678+0.j          0.70710678+0.j        ]
 [ 0.48282139+0.51660769j -0.48282139+0.51660769j]]",0.00219,(1.371-9e-05j),(1.371-9e-05j),0j
379,[1.37250267-0.00169j 1.36949733-0.00169j],"[[ 0.70710678+0.j          0.70710678+0.j        ]
 [ 0.48407745+0.51543091j -0.48407745+0.51543091j]]",0.0021950000000000003,(1.371-9e-05j),(1.371-9e-05j),0j
380,[1.37250997-0.00169j 1.36949003-0.00169j],"[[ 0.70710678+0.j          0.70710678+0.j        ]
 [ 0.48532174+0.51425948j -0.48532174+0.51425948j]]",0.0022,(1.371-9e-05j),(1.371-9e-05j),0j
381,[1.37251724-0.00169j 1.36948276-0.00169j],"[[ 0.70710678+0.j          0.70710678+0.j        ]
 [ 0.48655442+0.51309336j -0.48655442+0.51309336j]]",0.0022050000000000004,(1.371-9e-05j),(1.371-9e-05j),0j
382,[1.3725245-0.00169j 1.3694755-0.00169j],"[[ 0.70710678+0.j          0.70710678+0.j        ]
 [ 0.48777567+0.51193251j -0.48777567+0.51193251j]]",0.00221,(1.371-9e-05j),(1.371-9e-05j),0j
383,[1.37253174-0.00169j 1.36946826-0.00169j],"[[ 0.48898563-0.51077691j  0.70710678+0.j        ]
 [ 0.70710678+0.j         -0.48898563+0.51077691j]]",0.0022150000000000004,(1.371-9e-05j),(1.371-9e-05j),0j
384,[1.37253896-0.00169j 1.36946104-0.00169j],"[[ 0.70710678+0.j         -0.49018448-0.50962651j]
 [ 0.49018448+0.50962651j  0.70710678+0.j        ]]",0.00222,(1.371-9e-05j),(1.371-9e-05j),0j
385,[1.37254616-0.00169j 1.36945384-0.00169j],"[[ 0.70710678+0.j          0.70710678+0.j        ]
 [ 0.49137235+0.50848128j -0.49137235+0.50848128j]]",0.002225,(1.371-9e-05j),(1.371-9e-05j),0j
386,[1.37255335-0.00169j 1.36944665-0.00169j],"[[ 0.70710678+0.j          0.70710678+0.j        ]
 [ 0.49254941+0.50734119j -0.49254941+0.50734119j]]",0.00223,(1.371-9e-05j),(1.371-9e-05j),0j
387,[1.37256052-0.00169j 1.36943948-0.00169j],"[[ 0.70710678+0.j        -0.4937158 -0.5062062j]
 [ 0.4937158 +0.5062062j  0.70710678+0.j       ]]",0.002235,(1.371-9e-05j),(1.371-9e-05j),0j
388,[1.37256767-0.00169j 1.36943233-0.00169j],"[[ 0.70710678+0.j         -0.49487166-0.50507627j]
 [ 0.49487166+0.50507627j  0.70710678+0.j        ]]",0.0022400000000000002,(1.371-9e-05j),(1.371-9e-05j),0j
389,[1.37257481-0.00169j 1.36942519-0.00169j],"[[ 0.49601714-0.50395138j -0.49601714-0.50395138j]
 [ 0.70710678+0.j          0.70710678+0.j        ]]",0.002245,(1.371-9e-05j),(1.371-9e-05j),0j
390,[1.37258193-0.00169j 1.36941807-0.00169j],"[[ 0.70710678+0.j         -0.49715238-0.50283149j]
 [ 0.49715238+0.50283149j  0.70710678+0.j        ]]",0.0022500000000000003,(1.371-9e-05j),(1.371-9e-05j),0j
391,[1.37258903-0.00169j 1.36941097-0.00169j],"[[ 0.49827752-0.50171656j -0.49827752-0.50171656j]
 [ 0.70710678+0.j          0.70710678+0.j        ]]",0.002255,(1.371-9e-05j),(1.371-9e-05j),0j
392,[1.37259612-0.00169j 1.36940388-0.00169j],"[[ 0.49939269-0.50060657j  0.70710678+0.j        ]
 [ 0.70710678+0.j         -0.49939269+0.50060657j]]",0.0022600000000000003,(1.371-9e-05j),(1.371-9e-05j),0j
393,[1.37260319-0.00169j 1.36939681-0.00169j],"[[ 0.50049802-0.49950148j  0.70710678+0.j        ]
 [ 0.70710678+0.j         -0.50049802+0.49950148j]]",0.002265,(1.371-9e-05j),(1.371-9e-05j),0j
394,[1.37261025-0.00169j 1.36938975-0.00169j],"[[ 0.50159365-0.49840126j  0.70710678+0.j        ]
 [ 0.70710678+0.j         -0.50159365+0.49840126j]]",0.00227,(1.371-9e-05j),(1.371-9e-05j),0j
395,[1.37261729-0.00169j 1.36938271-0.00169j],"[[ 0.70710678+0.j         -0.50267969-0.49730587j]
 [ 0.50267969+0.49730587j  0.70710678+0.j        ]]",0.002275,(1.371-9e-05j),(1.371-9e-05j),0j
396,[1.37262432-0.00169j 1.36937568-0.00169j],"[[ 0.70710678+0.j         -0.50375628-0.49621529j]
 [ 0.50375628+0.49621529j  0.70710678+0.j        ]]",0.00228,(1.371-9e-05j),(1.371-9e-05j),0j
397,[1.37263133-0.00169j 1.36936867-0.00169j],"[[ 0.50482354-0.49512947j  0.70710678+0.j        ]
 [ 0.70710678+0.j         -0.50482354+0.49512947j]]",0.002285,(1.371-9e-05j),(1.371-9e-05j),0j
398,[1.37263832-0.00169j 1.36936168-0.00169j],"[[ 0.70710678+0.j          0.70710678+0.j        ]
 [ 0.50588158+0.49404841j -0.50588158+0.49404841j]]",0.00229,(1.371-9e-05j),(1.371-9e-05j),0j
399,[1.3726453-0.00169j 1.3693547-0.00169j],"[[ 0.50693053-0.49297205j  0.70710678+0.j        ]
 [ 0.70710678+0.j         -0.50693053+0.49297205j]]",0.002295,(1.371-9e-05j),(1.371-9e-05j),0j
400,[1.37265227-0.00169j 1.36934773-0.00169j],"[[ 0.5079705 -0.49190037j  0.70710678+0.j        ]
 [ 0.70710678+0.j         -0.5079705 +0.49190037j]]",0.0023,(1.371-9e-05j),(1.371-9e-05j),0j
