,freq,decay,Q,abs_amp,comp_amp,error,names,seps,comp_amp_real,comp_amp_imag,error_real,error_imag
0,1.2588850020606703,-0.0008897357933655,707.4487794285209,0.007886982198778033,-0.005866238538394786+0.005271786567615704i,0.00014361025356473056+0.0i,"[80,0.05,0.6,0.85,True,300,10,10]",0.05,-0.005866238538394786,0.005271786567615704,0.00014361025356473056,0.0
1,1.3209811020649713,-0.0004948049703313,1334.850275635291,3.898758505463996,3.819289602417688+0.7831633397906141i,1.068767587950458e-08+0.0i,"[80,0.05,0.6,0.85,True,300,10,10]",0.05,3.819289602417688,0.7831633397906141,1.068767587950458e-08,0.0
2,1.3908392007390187,-0.0128819299053291,53.98411615963081,0.7590291201430327,-0.5505491493622823+0.5225139609250395i,5.9871035541211037e-05+0.0i,"[80,0.05,0.6,0.85,True,300,10,10]",0.05,-0.5505491493622823,0.5225139609250395,5.9871035541211037e-05,0.0
3,1.3908607249828675,-0.0001440421021234,4827.965936621165,15.127891136754476,13.92144496766573+5.920005089334735i,5.548534111600724e-09+0.0i,"[80,0.05,0.6,0.85,True,300,10,10]",0.05,13.92144496766573,5.920005089334735,5.548534111600724e-09,0.0
4,1.256997074718066,-0.005827629170591,107.84806633385864,0.2049564762936849,0.019427454614743794-0.20403365208199337i,7.3766290392711715e-06+0.0i,"[80,0.05,0.6,0.85,True,300,10,10]",0.05,0.019427454614743794,-0.20403365208199337,7.3766290392711715e-06,0.0
5,1.320979515706818,-0.0004961927539418,1331.1152825315248,3.90320030674842,3.824847493635409+0.7781479840183919i,1.861108798039123e-08+0.0i,"[80,0.05,0.6,0.85,True,300,10,10]",0.05,3.824847493635409,0.7781479840183919,1.861108798039123e-08,0.0
6,1.3827388267997984,-0.0129489720896738,53.39183748424576,0.4267571972257913,0.07002231770647292+0.42097337256295286i,1.9212172330900033e-05+0.0i,"[80,0.05,0.6,0.85,True,300,10,10]",0.05,0.07002231770647292,0.42097337256295286,1.9212172330900033e-05,0.0
7,1.3908625879829348,-0.0001529500155899,4546.787990239717,15.262661415559052,-14.055980957339502+5.947960390999956i,1.929769670793828e-09+0.0i,"[80,0.05,0.6,0.85,True,300,10,10]",0.05,-14.055980957339502,5.947960390999956,1.929769670793828e-09,0.0
8,1.182156455248673,-0.0047717096267411,123.8713739645579,0.0004297940092186341,-0.00013561262117893656+0.0004078383348058463i,0.0003095525675879458+0.0i,"[80,0.057,0.6,0.85,True,300,10,10]",0.057,-0.00013561262117893656,0.0004078383348058463,0.0003095525675879458,0.0
9,1.2560446204568805,-0.0056383301721918,111.38445090105483,0.1871624334813154,0.010350765284274232+0.18687599675902114i,5.4377927745927936e-06+0.0i,"[80,0.057,0.6,0.85,True,300,10,10]",0.057,0.010350765284274232,0.18687599675902114,5.4377927745927936e-06,0.0
10,1.3261560540398725,-0.0004587669143859,1445.3484029191711,4.3344257871654985,4.295216007189269-0.581692664583566i,1.1056666553794444e-08+0.0i,"[80,0.057,0.6,0.85,True,300,10,10]",0.057,4.295216007189269,-0.581692664583566,1.1056666553794444e-08,0.0
11,1.3905840713830906,-0.0001512040687339,4598.368559215603,14.656076308335638,13.604931732379821-5.450358273824002i,8.940838654942085e-11+0.0i,"[80,0.057,0.6,0.85,True,300,10,10]",0.057,13.604931732379821,-5.450358273824002,8.940838654942085e-11,0.0
12,1.2560949428066095,-0.0054900318891264,114.39778203241649,0.1769819854825858,-0.007186403345954187-0.17683602232663875i,7.88253527362636e-06+0.0i,"[80,0.057,0.6,0.85,True,300,10,10]",0.057,-0.007186403345954187,-0.17683602232663875,7.88253527362636e-06,0.0
13,1.3261553581789536,-0.0004586869069031,1445.5997524898632,4.333877078061192,4.2942613401330565-0.5846452517406202i,1.5558578791586146e-08+0.0i,"[80,0.057,0.6,0.85,True,300,10,10]",0.057,4.2942613401330565,-0.5846452517406202,1.5558578791586146e-08,0.0
14,1.3905840744103797,-0.0001511998890672,4598.495683391736,14.6640880398419,-13.61331905257669+5.450965273507689i,9.403430796709017e-11+0.0i,"[80,0.057,0.6,0.85,True,300,10,10]",0.057,-13.61331905257669,5.450965273507689,9.403430796709017e-11,0.0
15,1.3936166869351316,-0.0137330039863136,50.7396884295676,0.6236766425880579,-0.0999091388047397+0.6156222205973461i,1.8199884864550217e-05+0.0i,"[80,0.057,0.6,0.85,True,300,10,10]",0.057,-0.0999091388047397,0.6156222205973461,1.8199884864550217e-05,0.0
16,1.2555881294349136,-0.0056519535520628,111.07558810144864,0.18345545910204344,-0.00080564291114401+0.1834536901069075i,6.094466476445761e-06+0.0i,"[80,0.064,0.6,0.85,True,300,10,10]",0.064,-0.00080564291114401,0.1834536901069075,6.094466476445761e-06,0.0
17,1.3296675752924776,-0.0004357816546383,1525.6121513373707,4.662996744740471,4.354177042986354-1.668736324225862i,1.0929079823704775e-08+0.0i,"[80,0.064,0.6,0.85,True,300,10,10]",0.064,4.354177042986354,-1.668736324225862,1.0929079823704775e-08,0.0
18,1.3901867471731117,-0.0001494800235613,4650.075354725654,14.133692472884892,13.268484785741675-4.869145141462181i,5.665559470801677e-10+0.0i,"[80,0.064,0.6,0.85,True,300,10,10]",0.064,13.268484785741675,-4.869145141462181,5.665559470801677e-10,0.0
19,1.254907284132961,-0.0056642967313164,110.77344140490564,0.1677280351838657,-0.029502389099782388-0.16511300016668934i,3.129876990790617e-05+0.0i,"[80,0.064,0.6,0.85,True,300,10,10]",0.064,-0.029502389099782388,-0.16511300016668934,3.129876990790617e-05,0.0
20,1.3296666169534834,-0.0004359023720112,1525.188554054533,4.662200202006335,4.35187346856643-1.6725154818941128i,2.0339349781670945e-08+0.0i,"[80,0.064,0.6,0.85,True,300,10,10]",0.064,4.35187346856643,-1.6725154818941128,2.0339349781670945e-08,0.0
21,1.3901867722906747,-0.0001495186257702,4648.874898124755,14.137019227616394,-13.271976998282016+4.869285286268274i,9.72394226992246e-10+0.0i,"[80,0.064,0.6,0.85,True,300,10,10]",0.064,-13.271976998282016,4.869285286268274,9.72394226992246e-10,0.0
22,1.3973512444086846,-0.0137929884387734,50.65440497581337,0.5735101823727936,-0.009831646662247201+0.5734259045501726i,3.924091174685811e-05+0.0i,"[80,0.064,0.6,0.85,True,300,10,10]",0.064,-0.009831646662247201,0.5734259045501726,3.924091174685811e-05,0.0
23,1.1865450659999854,-0.0117294796313636,50.579612365209606,0.020385114191256437,-0.008669893684678546+0.018449548072701823i,0.00026490795253109945+0.0i,"[80,0.071,0.6,0.85,True,300,10,10]",0.071,-0.008669893684678546,0.018449548072701823,0.00026490795253109945,0.0
24,1.2549462785389907,-0.0056351590338463,111.34967717871132,0.1770581327728256,-0.0068900508681454435+0.17692402205476207i,5.904375308153085e-06+0.0i,"[80,0.071,0.6,0.85,True,300,10,10]",0.071,-0.0068900508681454435,0.17692402205476207,5.904375308153085e-06,0.0
25,1.3325320104149174,-0.0004181002886923,1593.555477541532,4.930576731426509,4.190574628561197-2.598012930480466i,8.851905819082485e-09+0.0i,"[80,0.071,0.6,0.85,True,300,10,10]",0.071,4.190574628561197,-2.598012930480466,8.851905819082485e-09,0.0
26,1.3896683122944846,-0.0001470658236006,4724.6473662969765,13.557425790396184,12.855343122473387-4.3062683689681736i,7.297050003009366e-10+0.0i,"[80,0.071,0.6,0.85,True,300,10,10]",0.071,12.855343122473387,-4.3062683689681736,7.297050003009366e-10,0.0
27,1.2561416198272808,-0.0058487900235985,107.38474237911028,0.2210766900202465,0.06403234717115991-0.21160047586444655i,1.5532279002032503e-05+0.0i,"[80,0.071,0.6,0.85,True,300,10,10]",0.071,0.06403234717115991,-0.21160047586444655,1.5532279002032503e-05,0.0
28,1.332530546937444,-0.0004216932251558,1579.97623325001,4.946003447598943,4.1999287755581145-2.612192256304951i,2.118423529486805e-08+0.0i,"[80,0.071,0.6,0.85,True,300,10,10]",0.071,4.1999287755581145,-2.612192256304951,2.118423529486805e-08,0.0
29,1.3896670415627501,-0.0001448467365091,4797.025721994496,13.528146485694624,-12.822224053555612+4.312924490277068i,4.365797504164775e-09+0.0i,"[80,0.071,0.6,0.85,True,300,10,10]",0.071,-12.822224053555612,4.312924490277068,4.365797504164775e-09,0.0
30,1.4416590203648405,0.0010440972238175,-690.3854293825711,0.0005850100252223,0.0005320640678256311-0.00024319654055826188i,0.00011134900737236251+0.0i,"[80,0.071,0.6,0.85,True,300,10,10]",0.071,0.0005320640678256311,-0.00024319654055826188,0.00011134900737236251,0.0
31,1.254330519278526,-0.0050489071622055,124.21802174023335,0.13693124347611968,-0.02410033740476956+0.13479369116131745i,5.504580800197624e-06+0.0i,"[80,0.078,0.6,0.85,True,300,10,10]",0.078,-0.02410033740476956,0.13479369116131745,5.504580800197624e-06,0.0
32,1.3354108899657946,-0.0003974326392881,1680.0468280081866,5.1852193380225895,3.8187004976645733-3.507709522258044i,7.363677328972787e-09+0.0i,"[80,0.078,0.6,0.85,True,300,10,10]",0.078,3.8187004976645733,-3.507709522258044,7.363677328972787e-09,0.0
33,1.3888904997513816,-0.0001448450899676,4794.399658496622,13.074236295217029,12.581235208255833-3.556427327770679i,6.161029133634843e-10+0.0i,"[80,0.078,0.6,0.85,True,300,10,10]",0.078,12.581235208255833,-3.556427327770679,6.161029133634843e-10,0.0
34,1.2542450046679456,-0.0052910477672918,118.52520141865052,0.1470252384411611,0.020019876814663044-0.1456558453032559i,1.3908225057115505e-05+0.0i,"[80,0.078,0.6,0.85,True,300,10,10]",0.078,0.020019876814663044,-0.1456558453032559,1.3908225057115505e-05,0.0
35,1.3220156128553011,0.0045623445546857,-144.88335953249447,0.0342773048301351,-0.03426472292057844-0.0009286493385513738i,2.501092153820543e-05+0.0i,"[80,0.078,0.6,0.85,True,300,10,10]",0.078,-0.03426472292057844,-0.0009286493385513738,2.501092153820543e-05,0.0
36,1.3354117068723148,-0.0003961358961281,1685.54745975407,5.178341349466395,3.816278490223522-3.500176797913317i,3.154100807160836e-08+0.0i,"[80,0.078,0.6,0.85,True,300,10,10]",0.078,3.816278490223522,-3.500176797913317,3.154100807160836e-08,0.0
37,1.388890424579452,-0.0001448246688329,4795.075437670168,13.07738804238073,-12.584140933345797+3.5577345292606193i,2.5887689584107655e-09+0.0i,"[80,0.078,0.6,0.85,True,300,10,10]",0.078,-12.584140933345797,3.5577345292606193,2.5887689584107655e-09,0.0
38,1.2539981220760668,-0.0048641087478875,128.9031749773963,0.0928821965417727,-0.03147420233231479+0.08738693850896141i,9.444359517534932e-06+0.0i,"[80,0.085,0.6,0.85,True,300,10,10]",0.085,-0.03147420233231479,0.08738693850896141,9.444359517534932e-06,0.0
39,1.3381981521224056,-0.000380586076669,1758.0755499970503,5.448107646529067,3.278251521125637-4.351430097382462i,9.532290958508347e-09+0.0i,"[80,0.085,0.6,0.85,True,300,10,10]",0.085,3.278251521125637,-4.351430097382462,9.532290958508347e-09,0.0
40,1.3886396382548014,-0.0001434730055212,4839.375996931762,12.485787480983488,12.051418593847027-3.264689709017099i,5.220142925888752e-10+0.0i,"[80,0.085,0.6,0.85,True,300,10,10]",0.085,12.051418593847027,-3.264689709017099,5.220142925888752e-10,0.0
41,1.2536207619608488,-0.0061559372842057,101.82208688003143,0.1993952278993066,0.023432538093551662-0.1980135678874321i,1.5276841037095843e-05+0.0i,"[80,0.085,0.6,0.85,True,300,10,10]",0.085,0.023432538093551662,-0.1980135678874321,1.5276841037095843e-05,0.0
42,1.3381993133927217,-0.0003819249649251,1751.913904940783,5.454370333474637,3.2866758750730587-4.352920562898084i,1.9269364835295554e-08+0.0i,"[80,0.085,0.6,0.85,True,300,10,10]",0.085,3.2866758750730587,-4.352920562898084,1.9269364835295554e-08,0.0
43,1.3886394637172326,-0.0001433499885049,4843.528339973055,12.489082556803456,-12.054083315017511+3.2674544442530205i,1.1435248711375681e-09+0.0i,"[80,0.085,0.6,0.85,True,300,10,10]",0.085,-12.054083315017511,3.2674544442530205,1.1435248711375681e-09,0.0
44,1.2521803590580585,-0.0061211681684314,102.28279346382683,0.1775946006518857,-0.06804278055058037+0.16404274502594843i,9.090197026569162e-06+0.0i,"[80,0.106,0.6,0.85,True,300,10,10]",0.106,-0.06804278055058037,0.16404274502594843,9.090197026569162e-06,0.0
45,1.3441902833728727,-0.0003423153593324,1963.380033537288,5.988335304766334,1.5113433354038888-5.7944802221459994i,8.433522012246951e-09+0.0i,"[80,0.106,0.6,0.85,True,300,10,10]",0.106,1.5113433354038888,-5.7944802221459994,8.433522012246951e-09,0.0
46,1.3870645932711358,-0.000136824603961,5068.768895053206,10.95126483396126,10.74460428892847-2.117470221253769i,2.942285996643239e-09+0.0i,"[80,0.106,0.6,0.85,True,300,10,10]",0.106,10.74460428892847,-2.117470221253769,2.942285996643239e-09,0.0
47,1.2518093005903157,-0.0060686140955695,103.13798841684476,0.1750412329272834,0.048766685921212305-0.1681108074127459i,1.9755133978794794e-05+0.0i,"[80,0.106,0.6,0.85,True,300,10,10]",0.106,0.048766685921212305,-0.1681108074127459,1.9755133978794794e-05,0.0
48,1.3441922662169543,-0.0003434154084474,1957.0937021927948,5.995279898170353,1.5240010476368682-5.798344752100141i,1.5968898846849696e-08+0.0i,"[80,0.106,0.6,0.85,True,300,10,10]",0.106,1.5240010476368682,-5.798344752100141,1.5968898846849696e-08,0.0
49,1.3870649669245991,-0.0001367596787883,5071.1766041467245,10.953651577337324,-10.747835479337914+2.11341320777306i,1.901317455316086e-09+0.0i,"[80,0.106,0.6,0.85,True,300,10,10]",0.106,-10.747835479337914,2.11341320777306,1.901317455316086e-09,0.0
50,1.2534716598761473,-0.0060494490106306,103.60213448145784,0.18646642648752695,-0.05337729515648162+0.17866334981972698i,5.9899886880560455e-06+0.0i,"[80,0.092,0.6,0.85,True,300,10,10]",0.092,-0.05337729515648162,0.17866334981972698,5.9899886880560455e-06,0.0
51,1.3402705687837249,-0.0003679646921616,1821.194529439745,5.644145238750177,2.751784890678641-4.927885488882532i,6.192382754210614e-09+0.0i,"[80,0.092,0.6,0.85,True,300,10,10]",0.092,2.751784890678641,-4.927885488882532,6.192382754210614e-09,0.0
52,1.3882029711232364,-0.000141101897629,4919.150608351546,11.95150104225952,11.600131173542389-2.8766880122356815i,9.845946033165147e-10+0.0i,"[80,0.092,0.6,0.85,True,300,10,10]",0.092,11.600131173542389,-2.8766880122356815,9.845946033165147e-10,0.0
53,1.4108336359342422,-0.0125590083671378,56.16819396449552,0.2234135358434809,0.06661692968349799+0.21325053968895424i,1.5320288581800087e-05+0.0i,"[80,0.092,0.6,0.85,True,300,10,10]",0.092,0.06661692968349799,0.21325053968895424,1.5320288581800087e-05,0.0
54,1.2011852682405146,-0.0029033095694151,206.8648277976201,0.0003674584822848,-0.00036123329512501517+6.735163469572234e-05i,0.0004966257814709725+0.0i,"[80,0.092,0.6,0.85,True,300,10,10]",0.092,-0.00036123329512501517,6.735163469572234e-05,0.0004966257814709725,0.0
55,1.2530583562983444,-0.0052074710472936,120.31352118122238,0.1406385547103302,0.01798185388833733-0.13948425001321488i,1.565886836742373e-05+0.0i,"[80,0.092,0.6,0.85,True,300,10,10]",0.092,0.01798185388833733,-0.13948425001321488,1.565886836742373e-05,0.0
56,1.3402711479483995,-0.0003689518489705,1816.3225793394895,5.648466250739824,2.7565617255783628-4.930166167465682i,8.264208175796335e-09+0.0i,"[80,0.092,0.6,0.85,True,300,10,10]",0.092,2.7565617255783628,-4.930166167465682,8.264208175796335e-09,0.0
57,1.3882032606397248,-0.000141201248714,4915.690453458158,11.953144677915557,-11.602585064892075+2.873619234193059i,5.027956798083267e-10+0.0i,"[80,0.092,0.6,0.85,True,300,10,10]",0.092,-11.602585064892075,2.873619234193059,5.027956798083267e-10,0.0
58,1.2527952214087434,-0.00605835777302,103.39396156066157,0.1823907256989401,-0.06822128292798219+0.16915151012227533i,7.274710231801058e-06+0.0i,"[80,0.099,0.6,0.85,True,300,10,10]",0.099,-0.06822128292798219,0.16915151012227533,7.274710231801058e-06,0.0
59,1.3416609027179345,-0.0003587747314845,1869.781766912953,5.786151951401033,2.3486991479091426-5.288021058705501i,6.699606563756948e-09+0.0i,"[80,0.099,0.6,0.85,True,300,10,10]",0.099,2.3486991479091426,-5.288021058705501,6.699606563756948e-09,0.0
60,1.3874074747999345,-0.0001383466757507,5014.242182801945,11.464531311819178,11.22761291975284-2.31866045894638i,1.4131893632445746e-09+0.0i,"[80,0.099,0.6,0.85,True,300,10,10]",0.099,11.22761291975284,-2.31866045894638,1.4131893632445746e-09,0.0
61,1.4072090302183613,-0.0100369262138433,70.10159287001052,0.0988838295856032,0.07751353556127902+0.06139758593222496i,2.2056738585777167e-05+0.0i,"[80,0.099,0.6,0.85,True,300,10,10]",0.099,0.07751353556127902,0.06139758593222496,2.2056738585777167e-05,0.0
62,1.2529584393343305,-0.0058138414075213,107.75650310252536,0.1973492940852483,0.07354129297413517-0.1831349832872962i,2.7323508546510623e-05+0.0i,"[80,0.099,0.6,0.85,True,300,10,10]",0.099,0.07354129297413517,-0.1831349832872962,2.7323508546510623e-05,0.0
63,1.341661674345256,-0.0003621289285589,1852.4640929466525,5.803672482769599,2.35962938640019-5.302335659508336i,1.198131748107185e-07+0.0i,"[80,0.099,0.6,0.85,True,300,10,10]",0.099,2.35962938640019,-5.302335659508336,1.198131748107185e-07,0.0
64,1.38740765097351,-0.0001385416696918,5007.185397935442,11.46778404252721,-11.23125143932138+2.317123637785249i,1.464180387581075e-09+0.0i,"[80,0.099,0.6,0.85,True,300,10,10]",0.099,-11.23125143932138,2.317123637785249,1.464180387581075e-09,0.0
65,1.2500999501490049,-0.0060977736327076,102.50462098524284,0.19831820416399817,-0.030835668065672804+0.19590628289510498i,1.3752089728619127e-05+0.0i,"[80,0.113,0.6,0.85,True,300,10,10]",0.113,-0.030835668065672804,0.19590628289510498,1.3752089728619127e-05,0.0
66,1.3458595959392536,-0.0003329100358169,2021.356299212562,6.158519828358244,0.8967627769169577-6.092879696680203i,1.837260430458582e-08+0.0i,"[80,0.113,0.6,0.85,True,300,10,10]",0.113,0.8967627769169577,-6.092879696680203,1.837260430458582e-08,0.0
67,1.3866524590057598,-0.0001346285268049,5149.920644288926,10.474367005899426,10.305822727308232-1.8714652247828722i,5.294371246237622e-09+0.0i,"[80,0.113,0.6,0.85,True,300,10,10]",0.113,10.305822727308232,-1.8714652247828722,5.294371246237622e-09,0.0
68,1.2532262176593405,-0.0063743258606237,98.30264761022973,0.144358337354007,0.10720323655208736-0.0966788272393212i,2.1648152656194123e-05+0.0i,"[80,0.113,0.6,0.85,True,300,10,10]",0.113,0.10720323655208736,-0.0966788272393212,2.1648152656194123e-05,0.0
69,1.3458587201561367,-0.0003324448355722,2024.1835278317797,6.154965498461114,0.8911244825327335-6.0901147315857225i,7.618407042679393e-08+0.0i,"[80,0.113,0.6,0.85,True,300,10,10]",0.113,0.8911244825327335,-6.0901147315857225,7.618407042679393e-08,0.0
70,1.3866544831605978,-0.0001347580062763,5144.979958804539,10.47846457509753,-10.313504787928451-1.8519824083804841i,1.7236439433499777e-09+0.0i,"[80,0.113,0.6,0.85,True,300,10,10]",0.113,-10.313504787928451,-1.8519824083804841,1.7236439433499777e-09,0.0
71,1.252376715992613,-0.0042048642809854,148.9199926922634,0.03877979829332686,-0.03876658148342331-0.0010123812326480518i,1.7689843666103886e-05+0.0i,"[80,0.12,0.6,0.85,True,300,10,10]",0.12,-0.03876658148342331,-0.0010123812326480518,1.7689843666103886e-05,0.0
72,1.3472053269287196,-0.0003277997373653,2054.921303105292,6.296099298510222,0.3680758947761297-6.285331058296425i,6.322802812270343e-09+0.0i,"[80,0.12,0.6,0.85,True,300,10,10]",0.12,0.3680758947761297,-6.285331058296425,6.322802812270343e-09,0.0
73,1.3861893186565928,-0.0001328121464561,5218.608973817838,10.008489878151808,9.863120844229798-1.6996225619786558i,8.276402848721074e-11+0.0i,"[80,0.12,0.6,0.85,True,300,10,10]",0.12,9.863120844229798,-1.6996225619786558,8.276402848721074e-11,0.0
74,1.249031952393292,-0.0063838145904377,97.82802544611818,0.1689117782639585,-0.026344232074236106-0.1668447490115032i,1.9843776395531005e-05+0.0i,"[80,0.12,0.6,0.85,True,300,10,10]",0.12,-0.026344232074236106,-0.1668447490115032,1.9843776395531005e-05,0.0
75,1.3472047609425795,-0.0003272522806176,2058.358093639138,6.290479288816602,0.36435307850593257-6.279918511988343i,7.522147127859251e-09+0.0i,"[80,0.12,0.6,0.85,True,300,10,10]",0.12,0.36435307850593257,-6.279918511988343,7.522147127859251e-09,0.0
76,1.386189841151969,-0.0001329433396921,5213.461029193085,10.009403537915624,-9.864902081253785+1.6946581106856184i,2.382931700595768e-08+0.0i,"[80,0.12,0.6,0.85,True,300,10,10]",0.12,-9.864902081253785,1.6946581106856184,2.382931700595768e-08,0.0
77,1.2484107971193072,-0.0057582850163058,108.4012682234514,0.14616839463283657,-0.05886976897642256+0.1337891994527334i,3.0411213011978486e-05+0.0i,"[80,0.141,0.6,0.85,True,300,10,10]",0.141,-0.05886976897642256,0.1337891994527334,3.0411213011978486e-05,0.0
78,1.351211137070276,-0.0003029947787337,2229.759771302072,6.636944420560024,-1.3026417761706177-6.507853382228113i,1.9426246554368036e-08+0.0i,"[80,0.141,0.6,0.85,True,300,10,10]",0.141,-1.3026417761706177,-6.507853382228113,1.9426246554368036e-08,0.0
79,1.384816512442428,-0.0001272917375364,5439.53810060142,8.835611813612099,8.73423183532938-1.3346274264979159i,5.499998880383042e-09+0.0i,"[80,0.141,0.6,0.85,True,300,10,10]",0.141,8.73423183532938,-1.3346274264979159,5.499998880383042e-09,0.0
80,1.2494776622504196,-0.004589823019218,136.11392607282815,0.0562800120716552,0.04157937845446943-0.03792881551176703i,1.6176245615716e-05+0.0i,"[80,0.141,0.6,0.85,True,300,10,10]",0.141,0.04157937845446943,-0.03792881551176703,1.6176245615716e-05,0.0
81,1.3512100943768528,-0.0003027101191789,2231.854848529488,6.634633843044425,-1.3085482583812187-6.504311469076333i,2.997085260944287e-08+0.0i,"[80,0.141,0.6,0.85,True,300,10,10]",0.141,-1.3085482583812187,-6.504311469076333,2.997085260944287e-08,0.0
82,1.3848200806130277,-0.0001258079887382,5503.704870023927,8.821260145115732,-8.724557062211586-1.3025876615495677i,3.89562192130414e-09+0.0i,"[80,0.141,0.6,0.85,True,300,10,10]",0.141,-8.724557062211586,-1.3025876615495677,3.89562192130414e-09,0.0
83,1.2529476817862624,-0.0018608907141847,336.65267719258856,0.006890935379593591,-0.006657728529031514-0.0017775379713115954i,6.137797748850068e-05+0.0i,"[80,0.127,0.6,0.85,True,300,10,10]",0.127,-0.006657728529031514,-0.0017775379713115954,6.137797748850068e-05,0.0
84,1.3482410831132108,-0.0003184829713287,2116.6611789134763,6.365677121059286,-0.055344894205188365-6.365436524878954i,1.3421691155606079e-08+0.0i,"[80,0.127,0.6,0.85,True,300,10,10]",0.127,-0.055344894205188365,-6.365436524878954,1.3421691155606079e-08,0.0
85,1.3853794087318902,-0.000129560191379,5346.470215834022,9.62422228123028,9.532816092792196-1.323280718340415i,4.162820568648548e-09+0.0i,"[80,0.127,0.6,0.85,True,300,10,10]",0.127,9.532816092792196,-1.323280718340415,4.162820568648548e-09,0.0
86,1.2499776670454021,-0.0046517708168059,134.35503556295905,0.0640656504880119,0.030960089320290526-0.05608814885278121i,4.565844424243811e-06+0.0i,"[80,0.127,0.6,0.85,True,300,10,10]",0.127,0.030960089320290526,-0.05608814885278121,4.565844424243811e-06,0.0
87,1.3482422879023965,-0.000317046293261,2126.25461416814,6.356891683476056,-0.048033442657146395-6.356710207633627i,5.73887435980867e-09+0.0i,"[80,0.127,0.6,0.85,True,300,10,10]",0.127,-0.048033442657146395,-6.356710207633627,5.73887435980867e-09,0.0
88,1.3853793268406347,-0.0001313509515179,5273.579333955409,9.641928059515452,-9.55031444104541+1.3259980324385494i,1.38450809571559e-09+0.0i,"[80,0.127,0.6,0.85,True,300,10,10]",0.127,-9.55031444104541,1.3259980324385494,1.38450809571559e-09,0.0
89,1.2495404303704878,-0.0059121071724296,105.67640216313735,0.14120147390320403,-0.060662027234660396+0.127506763288143i,1.5698998598927572e-05+0.0i,"[80,0.134,0.6,0.85,True,300,10,10]",0.134,-0.060662027234660396,0.127506763288143,1.5698998598927572e-05,0.0
90,1.3501022738335373,-0.000308072101961,2191.211513862037,6.518961034846208,-0.8192675571423476-6.467275596698903i,1.1435822042321894e-08+0.0i,"[80,0.134,0.6,0.85,True,300,10,10]",0.134,-0.8192675571423476,-6.467275596698903,1.1435822042321894e-08,0.0
91,1.3572760407606694,-0.0011432406687619,593.6090614369731,0.2608824815380655,-0.25805346066811957+0.03831554006752809i,9.843321111651806e-06+0.0i,"[80,0.134,0.6,0.85,True,300,10,10]",0.134,-0.25805346066811957,0.03831554006752809,9.843321111651806e-06,0.0
92,1.3852032103724543,-0.0001292150322605,5360.069901074365,9.207580535543409,9.102137985116357-1.3894687540278745i,3.3107518522388753e-09+0.0i,"[80,0.134,0.6,0.85,True,300,10,10]",0.134,9.102137985116357,-1.3894687540278745,3.3107518522388753e-09,0.0
93,1.2501635361527619,-0.0043655772103469,143.184220083167,0.0478803740551111,0.038237949639431244-0.02881647839396204i,2.6819755905573875e-05+0.0i,"[80,0.134,0.6,0.85,True,300,10,10]",0.134,0.038237949639431244,-0.02881647839396204,2.6819755905573875e-05,0.0
94,1.3501016444799185,-0.0003073256176026,2196.532874498744,6.514146478119566,-0.8225923718253049-6.462000164671336i,1.1919830477188234e-08+0.0i,"[80,0.134,0.6,0.85,True,300,10,10]",0.134,-0.8225923718253049,-6.462000164671336,1.1919830477188234e-08,0.0
95,1.385203244451041,-0.0001302784992255,5316.315634142668,9.218257275326188,-9.112791347560739+1.3904319652274677i,4.147108504436751e-09+0.0i,"[80,0.134,0.6,0.85,True,300,10,10]",0.134,-9.112791347560739,1.3904319652274677,4.147108504436751e-09,0.0
96,1.2050960952338152,0.0016595455479485,-363.0801506844821,0.00019491257771906686,0.00013076582858488083+0.00014453792245497666i,0.00039715985587190054+0.0i,"[80,0.148,0.6,0.85,True,300,10,10]",0.148,0.00013076582858488083,0.00014453792245497666,0.00039715985587190054,0.0
97,1.2460230972894546,-0.0064149033393188,97.11939770410972,0.1263167891855304,0.0012179110276387894+0.12631091767092226i,0.00010436667476589776+0.0i,"[80,0.148,0.6,0.85,True,300,10,10]",0.148,0.0012179110276387894,0.12631091767092226,0.00010436667476589776,0.0
98,1.3518611748773464,-0.0002991425017152,2259.56052237001,6.720619503753098,-1.5753693222796616-6.53337110630084i,2.8003919787986192e-08+0.0i,"[80,0.148,0.6,0.85,True,300,10,10]",0.148,-1.5753693222796616,-6.53337110630084,2.8003919787986192e-08,0.0
99,1.384205447331584,-0.0001248898068081,5541.707056439303,8.50555122677195,8.414804283091588-1.239141052707601i,3.996474525096619e-09+0.0i,"[80,0.148,0.6,0.85,True,300,10,10]",0.148,8.414804283091588,-1.239141052707601,3.996474525096619e-09,0.0
100,1.437546413836333,-0.0084506364412578,85.0555117255971,0.0156792443703504,-0.01565988743048487-0.0007788643589930014i,0.0009523696382408963+0.0i,"[80,0.148,0.6,0.85,True,300,10,10]",0.148,-0.01565988743048487,-0.0007788643589930014,0.0009523696382408963,0.0
101,1.2493193634008668,-0.0051815976683687,120.5534898075346,0.1054423996048738,0.08376076595307497-0.06404868243288141i,6.5903000991490734e-06+0.0i,"[80,0.148,0.6,0.85,True,300,10,10]",0.148,0.08376076595307497,-0.06404868243288141,6.5903000991490734e-06,0.0
102,1.3518607353966916,-0.0003000276551192,2252.8935455286987,6.725347388067538,-1.579410249479558-6.537259422267543i,7.89034016469528e-08+0.0i,"[80,0.148,0.6,0.85,True,300,10,10]",0.148,-1.579410249479558,-6.537259422267543,7.89034016469528e-08,0.0
103,1.3842052263992122,-0.0001259394882426,5495.517115857233,8.513806629270517,-8.422710789019876+1.2421136361616796i,1.9769617639116843e-08+0.0i,"[80,0.148,0.6,0.85,True,300,10,10]",0.148,-8.422710789019876,1.2421136361616796,1.9769617639116843e-08,0.0
104,1.2452370951384193,-0.0055627787812417,111.92581478680046,0.174205915609082,-0.03672879467549352+0.1702900369219645i,5.8611499363564684e-05+0.0i,"[80,0.155,0.6,0.85,True,300,10,10]",0.155,-0.03672879467549352,0.1702900369219645,5.8611499363564684e-05,0.0
105,1.3532916118495217,-0.000284782831245,2376.0063166956907,6.754185492698395,-2.0991601119645766+6.419700031474549i,2.012218766772948e-08+0.0i,"[80,0.155,0.6,0.85,True,300,10,10]",0.155,-2.0991601119645766,6.419700031474549,2.012218766772948e-08,0.0
106,1.3837667034133612,-0.000120478529373,5742.79380157912,8.210046183405343,8.110744672684447+1.2730589884877699i,1.1961017703109303e-08+0.0i,"[80,0.155,0.6,0.85,True,300,10,10]",0.155,8.110744672684447,1.2730589884877699,1.1961017703109303e-08,0.0
107,1.248369091133067,-0.0042955035755102,145.311145618681,0.0407644744193724,0.034305692447777675-0.022019578569222514i,2.3611614835192525e-05+0.0i,"[80,0.155,0.6,0.85,True,300,10,10]",0.155,0.034305692447777675,-0.022019578569222514,2.3611614835192525e-05,0.0
108,1.3532784253392596,-0.0002880666801584,2348.89787426115,6.775051428828618,-2.1853912131126365-6.412907851273304i,1.4729357436311754e-08+0.0i,"[80,0.155,0.6,0.85,True,300,10,10]",0.155,-2.1853912131126365,-6.412907851273304,1.4729357436311754e-08,0.0
109,1.3837759204596174,-0.0001247552495569,5545.962696455494,8.244709188606544,-8.155915227509803+1.2067627796575828i,8.56850092320517e-09+0.0i,"[80,0.155,0.6,0.85,True,300,10,10]",0.155,-8.155915227509803,1.2067627796575828,8.56850092320517e-09,0.0
110,1.2043153479066275,0.0065069772393042,-92.5403073974325,0.010179936516981456,-0.006886342706385153-0.007497292285884856i,0.000760685381421118+0.0i,"[80,0.162,0.6,0.85,True,300,10,10]",0.162,-0.006886342706385153,-0.007497292285884856,0.000760685381421118,0.0
111,1.2471072847435354,-0.006236763447244,99.9803259569364,0.1396437769380843,-0.07744296699324664+0.11620228612560242i,3.3624068998831715e-05+0.0i,"[80,0.162,0.6,0.85,True,300,10,10]",0.162,-0.07744296699324664,0.11620228612560242,3.3624068998831715e-05,0.0
112,1.3543065568547374,-0.0002843422813716,2381.472340873614,6.884130990667181,-2.6273448363248684-6.363043187634464i,1.5531366067974446e-08+0.0i,"[80,0.162,0.6,0.85,True,300,10,10]",0.162,-2.6273448363248684,-6.363043187634464,1.5531366067974446e-08,0.0
113,1.3834540914423743,-0.0001222519783229,5658.207377991526,7.966240353562998,7.867620230501499-1.2496148524001531i,8.794078732617073e-09+0.0i,"[80,0.162,0.6,0.85,True,300,10,10]",0.162,7.867620230501499,-1.2496148524001531,8.794078732617073e-09,0.0
114,1.247331286716763,-0.0043815026699624,142.34058274891456,0.0434489225270349,0.023698521102088806-0.036416877492917166i,3.0115645079702453e-05+0.0i,"[80,0.162,0.6,0.85,True,300,10,10]",0.162,0.023698521102088806,-0.036416877492917166,3.0115645079702453e-05,0.0
115,1.3543137208474145,-0.0002905515408581,2330.5911867601853,6.9258632297764375,-2.6000967326388924+6.419273982195328i,1.7777180986009113e-08+0.0i,"[80,0.162,0.6,0.85,True,300,10,10]",0.162,-2.6000967326388924,6.419273982195328,1.7777180986009113e-08,0.0
116,1.3834546314334668,-0.0001225915978741,5642.534461674911,7.968120114397644,-7.870159154515368+1.2456054913439767i,1.1250069633194224e-08+0.0i,"[80,0.162,0.6,0.85,True,300,10,10]",0.162,-7.870159154515368,1.2456054913439767,1.1250069633194224e-08,0.0
117,1.2149953285881938,-0.0031947982859969,190.15211913591347,0.0006226916821444075,-0.000440486262647712+0.00044013268843666074i,0.00032600598031884415+0.0i,"[80,0.169,0.6,0.85,True,300,10,10]",0.169,-0.000440486262647712,0.00044013268843666074,0.00032600598031884415,0.0
118,1.246111643006337,-0.005796623624577,107.4859887161684,0.1283182015504166,-0.06311106754474863+0.11172535076022595i,4.1665756460801925e-05+0.0i,"[80,0.169,0.6,0.85,True,300,10,10]",0.169,-0.06311106754474863,0.11172535076022595,4.1665756460801925e-05,0.0
119,1.3550676763659437,-0.0002808044049501,2412.8319436557003,6.9611190840714245,-2.9622730510495687-6.299374355731596i,1.18704427026618e-08+0.0i,"[80,0.169,0.6,0.85,True,300,10,10]",0.169,-2.9622730510495687,-6.299374355731596,1.18704427026618e-08,0.0
120,1.3830653972622688,-0.0001203974383787,5743.749268617101,7.7314438103381535,7.620493970879033-1.3051034565169373i,4.921461976158846e-09+0.0i,"[80,0.169,0.6,0.85,True,300,10,10]",0.169,7.620493970879033,-1.3051034565169373,4.921461976158846e-09,0.0
121,1.2463528608399317,-0.0046341141210292,134.47584892051725,0.0500426081432995,0.00991567842249159-0.04905040215131339i,2.2355729097784193e-05+0.0i,"[80,0.169,0.6,0.85,True,300,10,10]",0.169,0.00991567842249159,-0.04905040215131339,2.2355729097784193e-05,0.0
122,1.355067585433264,-0.0002810532321737,2410.6956090711574,6.961502353957328,-2.9628831436443455-6.299510973183682i,8.63822561609307e-09+0.0i,"[80,0.169,0.6,0.85,True,300,10,10]",0.169,-2.9628831436443455,-6.299510973183682,8.63822561609307e-09,0.0
123,1.3830658152369348,-0.0001203780889262,5744.674249166182,7.729392301306885,-7.619020258811099+1.3015512449873814i,3.728615513556099e-09+0.0i,"[80,0.169,0.6,0.85,True,300,10,10]",0.169,-7.619020258811099,1.3015512449873814,3.728615513556099e-09,0.0
124,1.246341662329905,-0.0067889750773796,91.7915921125276,0.13900845117574828,-0.08334828787173834+0.11124932542325922i,3.427113104476444e-05+0.0i,"[80,0.183,0.6,0.85,True,300,10,10]",0.183,-0.08334828787173834,0.11124932542325922,3.427113104476444e-05,0.0
125,1.3567695792308796,-0.0002676851444335,2534.263868288276,7.041333234705153,-3.6466711497169197-6.023467709549509i,1.3833782250694713e-08+0.0i,"[80,0.183,0.6,0.85,True,300,10,10]",0.183,-3.6466711497169197,-6.023467709549509,1.3833782250694713e-08,0.0
126,1.3822154337934212,-0.0001170562313185,5904.066012650263,7.396479612630658,7.272276678902331-1.349778709846266i,9.768855223981228e-09+0.0i,"[80,0.183,0.6,0.85,True,300,10,10]",0.183,7.272276678902331,-1.349778709846266,9.768855223981228e-09,0.0
127,1.2295850254169969,-0.0065973343214861,93.18801848592828,0.0237665276608532,-0.007953719000144846+0.02239612000148321i,0.00032007818260316345+0.0i,"[80,0.183,0.6,0.85,True,300,10,10]",0.183,-0.007953719000144846,0.02239612000148321,0.00032007818260316345,0.0
128,1.3567683269774222,-0.0002674499799793,2536.489864539155,7.040377213232167,-3.653439076558934-6.018246772812739i,4.569071955893515e-08+0.0i,"[80,0.183,0.6,0.85,True,300,10,10]",0.183,-3.653439076558934,-6.018246772812739,4.569071955893515e-08,0.0
129,1.3640043025468405,0.0108500793397134,-62.856881495525954,19.378482296034324,-16.28739314453719+10.499828601124811i,4.436827223794151e-06+0.0i,"[80,0.183,0.6,0.85,True,300,10,10]",0.183,-16.28739314453719,10.499828601124811,4.436827223794151e-06,0.0
130,1.3822131958729444,-0.0001195055374839,5783.050831676341,7.414713736223264,-7.2872944908236015+1.3686923665126254i,4.3049624282632294e-08+0.0i,"[80,0.183,0.6,0.85,True,300,10,10]",0.183,-7.2872944908236015,1.3686923665126254,4.3049624282632294e-08,0.0
131,1.245695086859818,-0.0062560900071419,99.55859693816264,0.12586833784663376,-0.06409450415212353+0.1083269726788659i,2.0591476506147372e-05+0.0i,"[80,0.176,0.6,0.85,True,300,10,10]",0.176,-0.06409450415212353,0.1083269726788659,2.0591476506147372e-05,0.0
132,1.3554276117779884,-0.0002748588931616,2465.679018399226,6.966043215899897,-3.1000299004780194-6.238234742451363i,9.006850789167217e-09+0.0i,"[80,0.176,0.6,0.85,True,300,10,10]",0.176,-3.1000299004780194,-6.238234742451363,9.006850789167217e-09,0.0
133,1.3822681762657567,-0.0001177083440332,5871.581099957403,7.565550395767171,7.481328786291619-1.1257319318102206i,6.1066463498544024e-09+0.0i,"[80,0.176,0.6,0.85,True,300,10,10]",0.176,7.481328786291619,-1.1257319318102206,6.1066463498544024e-09,0.0
134,1.2440462387475149,-0.0054681543714688,113.75375988272822,0.0795180638223172,0.047252906855429655-0.06395533807089299i,3.563244029697344e-05+0.0i,"[80,0.176,0.6,0.85,True,300,10,10]",0.176,0.047252906855429655,-0.06395533807089299,3.563244029697344e-05,0.0
135,1.3554293700117124,-0.0002760330793339,2455.1937276542494,6.97319012779971,-3.092817004466755-6.249789079266965i,9.683693545384007e-08+0.0i,"[80,0.176,0.6,0.85,True,300,10,10]",0.176,-3.092817004466755,-6.249789079266965,9.683693545384007e-08,0.0
136,1.3822530431092817,-0.0001860859497272,3714.0177566738894,8.071095751683483,-7.958695863077346-1.3422916195367944i,3.482980836576957e-08+0.0i,"[80,0.176,0.6,0.85,True,300,10,10]",0.176,-7.958695863077346,-1.3422916195367944,3.482980836576957e-08,0.0
137,1.2445125455846762,-0.006170242683702,100.84794143283126,0.1259493821266582,-0.07261828870669308+0.10290690454677152i,1.8563727769444167e-05+0.0i,"[80,0.19,0.6,0.85,True,300,10,10]",0.19,-0.07261828870669308,0.10290690454677152,1.8563727769444167e-05,0.0
138,1.3574605898442258,-0.0002664809289537,2547.0126420938022,7.135051827574907,-3.9408037631307775-5.948027427868363i,1.9216694511013926e-08+0.0i,"[80,0.19,0.6,0.85,True,300,10,10]",0.19,-3.9408037631307775,-5.948027427868363,1.9216694511013926e-08,0.0
139,1.3818906293862716,-0.0001210664529954,5707.157495717271,7.289601901035723,7.142504974116181+1.4570238743099688i,7.130309141889183e-09+0.0i,"[80,0.19,0.6,0.85,True,300,10,10]",0.19,7.142504974116181,1.4570238743099688,7.130309141889183e-09,0.0
140,1.243645646787128,-0.0036592362205593,169.93240827139235,0.0176178972715587,-0.007624554476252998-0.015882583961995805i,4.594943040549232e-05+0.0i,"[80,0.19,0.6,0.85,True,300,10,10]",0.19,-0.007624554476252998,-0.015882583961995805,4.594943040549232e-05,0.0
141,1.3574596181178722,-0.0002654250437384,2557.1430619321504,7.125721351243589,-3.9411191636274916-5.936622315227481i,1.5993363472228494e-08+0.0i,"[80,0.19,0.6,0.85,True,300,10,10]",0.19,-3.9411191636274916,-5.936622315227481,1.5993363472228494e-08,0.0
142,1.381892499242905,-0.0001175028237997,5880.252297587344,7.268427635891814,-7.124487814271669+1.4393448796207138i,1.1845514852673392e-08+0.0i,"[80,0.19,0.6,0.85,True,300,10,10]",0.19,-7.124487814271669,1.4393448796207138,1.1845514852673392e-08,0.0
143,1.2645027164131226,-0.0089156615014107,70.91468850701834,0.4530954548166634,-0.4204892935239263+0.16877276204194935i,0.0005277737961940455+0.0i,"[80,0.204,0.6,0.85,True,300,10,10]",0.204,-0.4204892935239263,0.16877276204194935,0.0005277737961940455,0.0
144,1.3586497774036228,-0.0002538287975226,2676.3113379254246,7.160894959635015,-4.380745205868704-5.664581896679094i,8.109871634335651e-08+0.0i,"[80,0.204,0.6,0.85,True,300,10,10]",0.204,-4.380745205868704,-5.664581896679094,8.109871634335651e-08,0.0
145,1.3810032907919798,-0.0001354879885815,5096.404874150637,7.251399336329626,7.100318649475746+1.4725037897501871i,2.4426936669515525e-08+0.0i,"[80,0.204,0.6,0.85,True,300,10,10]",0.204,7.100318649475746,1.4725037897501871,2.4426936669515525e-08,0.0
146,1.5078314684793808,-0.0067413107148452,111.8351854898881,0.8464412214854765,0.8457746474161355+0.033585520956763634i,0.0013212670927386463+0.0i,"[80,0.204,0.6,0.85,True,300,10,10]",0.204,0.8457746474161355,0.033585520956763634,0.0013212670927386463,0.0
147,1.2447022335001259,-0.0041651878319722,149.41729925667536,0.0280265679048088,0.02495464302910135-0.012757519344017643i,3.797412092270602e-05+0.0i,"[80,0.204,0.6,0.85,True,300,10,10]",0.204,0.02495464302910135,-0.012757519344017643,3.797412092270602e-05,0.0
148,1.3586520407901312,-0.0002557243204935,2656.47795674598,7.173652030131389,-4.3762758771572825-5.684143989768332i,1.3450519002246859e-08+0.0i,"[80,0.204,0.6,0.85,True,300,10,10]",0.204,-4.3762758771572825,-5.684143989768332,1.3450519002246859e-08,0.0
149,1.381000445670277,-0.000113602542838,6078.210976490137,7.101238644678931,-6.945718166502952+1.4780356694587369i,8.486824757179175e-09+0.0i,"[80,0.204,0.6,0.85,True,300,10,10]",0.204,-6.945718166502952,1.4780356694587369,8.486824757179175e-09,0.0
150,1.2437697894459503,-0.0063671741406933,97.67047060146083,0.12276432984219503,-0.053358519597928734+0.1105619693561973i,2.8711438563980867e-05+0.0i,"[80,0.197,0.6,0.85,True,300,10,10]",0.197,-0.053358519597928734,0.1105619693561973,2.8711438563980867e-05,0.0
151,1.3579323133838181,-0.000261475729746,2596.669898775528,7.171011507417817,-4.132858401689485-5.860280494234333i,1.364445136947882e-08+0.0i,"[80,0.197,0.6,0.85,True,300,10,10]",0.197,-4.132858401689485,-5.860280494234333,1.364445136947882e-08,0.0
152,1.3814244224678842,-0.0001135968058098,6080.384094514506,7.154623034244978,7.004612399765116-1.4574072496065054i,1.085643190282048e-08+0.0i,"[80,0.197,0.6,0.85,True,300,10,10]",0.197,7.004612399765116,-1.4574072496065054,1.085643190282048e-08,0.0
153,1.245137118133076,-0.0037984130497662,163.90227995474254,0.0224268484820239,0.01868408723900233-0.012404370878082055i,4.5348473632201953e-05+0.0i,"[80,0.197,0.6,0.85,True,300,10,10]",0.197,0.01868408723900233,-0.012404370878082055,4.5348473632201953e-05,0.0
154,1.3579429061243293,-0.0002671359902671,2541.6697030717582,7.209874308094134,-4.096192002822198+5.933253628030015i,1.8566440457274155e-08+0.0i,"[80,0.197,0.6,0.85,True,300,10,10]",0.197,-4.096192002822198,5.933253628030015,1.8566440457274155e-08,0.0
155,1.3814344926655941,-0.0001196299002212,5773.784355379199,7.195296174820601,-7.058212502021555-1.39782807229451i,1.607401592034241e-08+0.0i,"[80,0.197,0.6,0.85,True,300,10,10]",0.197,-7.058212502021555,-1.39782807229451,1.607401592034241e-08,0.0
156,1.245647475651033,-0.0119301998665815,52.20564154756092,0.25586561043367345,-0.2167738956609365+0.13592751289778596i,0.00027178427531837504+0.0i,"[80,0.211,0.6,0.85,True,300,10,10]",0.211,-0.2167738956609365,0.13592751289778596,0.00027178427531837504,0.0
157,1.3593906102749833,-0.0002527473554474,2689.228158032328,7.236043168722076,-4.65936186096689-5.536304524516022i,3.451356753313573e-08+0.0i,"[80,0.211,0.6,0.85,True,300,10,10]",0.211,-4.65936186096689,-5.536304524516022,3.451356753313573e-08,0.0
158,1.3807918584394576,-0.000112338398433,6145.680718700759,7.030585852717902,6.8520407965205-1.5743806259147826i,5.5470784506483195e-09+0.0i,"[80,0.211,0.6,0.85,True,300,10,10]",0.211,6.8520407965205,-1.5743806259147826,5.5470784506483195e-09,0.0
159,1.2396367958434154,0.0002554020669311,-2426.833914734188,0.0017726999487538,-0.0008660511954089524-0.0015467451099785698i,0.00020440453213421865+0.0i,"[80,0.211,0.6,0.85,True,300,10,10]",0.211,-0.0008660511954089524,-0.0015467451099785698,0.00020440453213421865,0.0
160,1.3593893829892558,-0.0002518799553466,2698.486628517922,7.231573834799022,-4.663012854203597-5.527383761752196i,4.142635241098188e-08+0.0i,"[80,0.211,0.6,0.85,True,300,10,10]",0.211,-4.663012854203597,-5.527383761752196,4.142635241098188e-08,0.0
161,1.380790292650157,-0.0001143393877183,6038.121771527337,7.043292099575531,-6.86200244743945+1.587729829435123i,1.9239241235458978e-08+0.0i,"[80,0.211,0.6,0.85,True,300,10,10]",0.211,-6.86200244743945,1.587729829435123,1.9239241235458978e-08,0.0
162,1.2433449920009365,-0.0059693501315201,104.14408307494476,0.09365485282735536,-0.06480924286365526+0.06760912288702865i,1.3087656708986346e-05+0.0i,"[80,0.218,0.6,0.85,True,300,10,10]",0.218,-0.06480924286365526,0.06760912288702865,1.3087656708986346e-05,0.0
163,1.3598708659119916,-0.0002500494813489,2719.2035323884656,7.2874794673946015,-4.843662053245565-5.444841127310039i,1.5485047953957486e-09+0.0i,"[80,0.218,0.6,0.85,True,300,10,10]",0.218,-4.843662053245565,-5.444841127310039,1.5485047953957486e-09,0.0
164,1.3804785691202957,-0.0001114699017533,6192.158364754907,6.989846917979897,6.792832810374461-1.6478417239204983i,1.2558937151758607e-10+0.0i,"[80,0.218,0.6,0.85,True,300,10,10]",0.218,6.792832810374461,-1.6478417239204983,1.2558937151758607e-10,0.0
165,1.2454638842915329,-0.004773479129683,130.45661774729746,0.0318103911116755,0.020412756555332503+0.024397138202881405i,3.427153465130244e-05+0.0i,"[80,0.218,0.6,0.85,True,300,10,10]",0.218,0.020412756555332503,0.024397138202881405,3.427153465130244e-05,0.0
166,1.359869638030202,-0.0002498305830091,2721.583606079485,7.284306137342153,-4.847841494501336-5.43686938841753i,1.4694646216310809e-08+0.0i,"[80,0.218,0.6,0.85,True,300,10,10]",0.218,-4.847841494501336,-5.43686938841753,1.4694646216310809e-08,0.0
167,1.3804781119387202,-0.0001128099436403,6118.601195034819,6.998877582634014,-6.800824568160854+1.6532007167300282i,1.2453355137009945e-08+0.0i,"[80,0.218,0.6,0.85,True,300,10,10]",0.218,-6.800824568160854,1.6532007167300282,1.2453355137009945e-08,0.0
168,1.2477835985186898,-0.0062708266851425,99.49115652287576,0.1582241920287247,-0.1426886605161255-0.06837280967794607i,0.00020759180349384112+0.0i,"[80,0.225,0.6,0.85,True,300,10,10]",0.225,-0.1426886605161255,-0.06837280967794607,0.00020759180349384112,0.0
169,1.3599053242826404,-0.0002454981547711,2769.6854291034488,7.278705273387119,-4.827402758570158-5.447543764246661i,3.721958088370907e-08+0.0i,"[80,0.225,0.6,0.85,True,300,10,10]",0.225,-4.827402758570158,-5.447543764246661,3.721958088370907e-08,0.0
170,1.3797701227877264,-0.0001092647840887,6313.882987526334,6.9712760267471365,6.80552712601663+1.5111220924039108i,8.438501126941745e-10+0.0i,"[80,0.225,0.6,0.85,True,300,10,10]",0.225,6.80552712601663,1.5111220924039108,8.438501126941745e-10,0.0
171,1.241778265864103,-0.0070822850236769,87.66791097171928,0.1169464021015354,0.09698948302255742-0.06534141984615158i,0.0001291599311053179+0.0i,"[80,0.225,0.6,0.85,True,300,10,10]",0.225,0.09698948302255742,-0.06534141984615158,0.0001291599311053179,0.0
172,1.359903808262319,-0.0002457445624852,2766.9051850214573,7.280246143970689,-4.836328212772688-5.44168295062649i,3.1451906146141095e-08+0.0i,"[80,0.225,0.6,0.85,True,300,10,10]",0.225,-4.836328212772688,-5.44168295062649,3.1451906146141095e-08,0.0
173,1.3797470106852303,-0.0001306503866699,5280.302055939603,7.113149362428958,-6.906769667144722-1.701007530034208i,1.025738332372791e-08+0.0i,"[80,0.225,0.6,0.85,True,300,10,10]",0.225,-6.906769667144722,-1.701007530034208,1.025738332372791e-08,0.0
174,1.240915103543597,-0.0063329454116049,97.97298278220154,0.10548722838963556,-0.03950522726992625+0.0978104921349372i,3.087655763791844e-05+0.0i,"[80,0.232,0.6,0.85,True,300,10,10]",0.232,-0.03950522726992625,0.0978104921349372,3.087655763791844e-05,0.0
175,1.3609349172625316,-0.0002400282726625,2834.947113034001,7.2947806505180655,-5.17791579010366-5.138386206754797i,1.2011246778697788e-08+0.0i,"[80,0.232,0.6,0.85,True,300,10,10]",0.232,-5.17791579010366,-5.138386206754797,1.2011246778697788e-08,0.0
176,1.37977332194522,-0.0001087521298591,6343.661148208347,6.968986709477486,6.76176946425808-1.6867867289911993i,1.0915858080684282e-08+0.0i,"[80,0.232,0.6,0.85,True,300,10,10]",0.232,6.76176946425808,-1.6867867289911993,1.0915858080684282e-08,0.0
177,1.2424846536458247,-0.0017075428008762,363.8224040440567,0.0052810142768673,0.0038728683787948234-0.0035902649363254795i,8.906425203006737e-05+0.0i,"[80,0.232,0.6,0.85,True,300,10,10]",0.232,0.0038728683787948234,-0.0035902649363254795,8.906425203006737e-05,0.0
178,1.3609352736451623,-0.0002403157297329,2831.5567923031717,7.297124258018653,-5.178025520070878-5.141602294077109i,7.471144733702851e-09+0.0i,"[80,0.232,0.6,0.85,True,300,10,10]",0.232,-5.178025520070878,-5.141602294077109,7.471144733702851e-09,0.0
179,1.3699851397844596,-0.00096099393146,712.7959370684895,1.5777027198007736,1.5382714571353946+0.3505236029560749i,2.6987167185870633e-06+0.0i,"[80,0.232,0.6,0.85,True,300,10,10]",0.232,1.5382714571353946,0.3505236029560749,2.6987167185870633e-06,0.0
180,1.3797720182491098,-0.0001109150553208,6219.949195615428,6.986065997688308,-6.776200156687447+1.6994792027458738i,1.4898738977620742e-10+0.0i,"[80,0.232,0.6,0.85,True,300,10,10]",0.232,-6.776200156687447,1.6994792027458738,1.4898738977620742e-10,0.0
181,1.2425109163835597,-0.0065053604574882,95.49900612757948,0.09988854096057338,-0.08162379945224553+0.057578433273333764i,4.124890716335963e-05+0.0i,"[80,0.239,0.6,0.85,True,300,10,10]",0.239,-0.08162379945224553,0.057578433273333764,4.124890716335963e-05,0.0
182,1.3614119972595382,-0.0002389868672915,2848.2987636280354,7.359162966757058,-5.344400054135635-5.0591172780084435i,1.3928812484118051e-08+0.0i,"[80,0.239,0.6,0.85,True,300,10,10]",0.239,-5.344400054135635,-5.0591172780084435,1.3928812484118051e-08,0.0
183,1.3795222767936652,-0.0001091711898411,6318.160857276765,6.962999075536429,6.742920231390062-1.7367736982784372i,9.912093139486057e-09+0.0i,"[80,0.239,0.6,0.85,True,300,10,10]",0.239,6.742920231390062,-1.7367736982784372,9.912093139486057e-09,0.0
184,1.2443745977691878,-0.0044856662980774,138.7056587671846,0.021367597165133,0.011516146626765884+0.017998682604074914i,3.54317004305386e-05+0.0i,"[80,0.239,0.6,0.85,True,300,10,10]",0.239,0.011516146626765884,0.017998682604074914,3.54317004305386e-05,0.0
185,1.3614101783171577,-0.0002390391487194,2847.6719935001424,7.356607927242844,-5.351358796776913-5.048033203469505i,1.3430168243336428e-08+0.0i,"[80,0.239,0.6,0.85,True,300,10,10]",0.239,-5.351358796776913,-5.048033203469505,1.3430168243336428e-08,0.0
186,1.379521881788196,-0.0001104514090268,6244.926587819159,6.973562546751939,-6.752479482579071+1.7420090214491053i,1.2523350053709039e-08+0.0i,"[80,0.239,0.6,0.85,True,300,10,10]",0.239,-6.752479482579071,1.7420090214491053,1.2523350053709039e-08,0.0
187,1.2418905192145964,-0.006354188532138,97.7221963853763,0.08820811069658403,-0.06870630598951107+0.05531829995522728i,3.454034770944528e-05+0.0i,"[80,0.246,0.6,0.85,True,300,10,10]",0.246,-0.06870630598951107,0.05531829995522728,3.454034770944528e-05,0.0
188,1.3617172404358433,-0.000235720386207,2888.416361323676,7.383227912254171,-5.44386012701296-4.987628827590072i,5.5716713220112e-09+0.0i,"[80,0.246,0.6,0.85,True,300,10,10]",0.246,-5.44386012701296,-4.987628827590072,5.5716713220112e-09,0.0
189,1.3791695342886772,-0.0001075317696161,6412.846822906421,6.9732503683619065,6.750315031429848-1.749133407236772i,3.0280965884155734e-09+0.0i,"[80,0.246,0.6,0.85,True,300,10,10]",0.246,6.750315031429848,-1.749133407236772,3.0280965884155734e-09,0.0
190,1.240975863419044,-0.0040026529907971,155.01916682164176,0.0182350152813026,0.00513983642924273-0.017495652711172836i,6.296277041140195e-05+0.0i,"[80,0.246,0.6,0.85,True,300,10,10]",0.246,0.00513983642924273,-0.017495652711172836,6.296277041140195e-05,0.0
191,1.3617269009813602,-0.000234060527279,2908.9204335551226,7.37008636388183,-5.3881955628052+5.028471098459575i,1.6590829343539872e-08+0.0i,"[80,0.246,0.6,0.85,True,300,10,10]",0.246,-5.3881955628052,5.028471098459575,1.6590829343539872e-08,0.0
192,1.3791794164034612,-0.0001032210693795,6680.706878421599,6.94566903071139,-6.739730933696224-1.6787927881550866i,1.4958240429047544e-08+0.0i,"[80,0.246,0.6,0.85,True,300,10,10]",0.246,-6.739730933696224,-1.6787927881550866,1.4958240429047544e-08,0.0
193,1.2384488425418914,-0.0038501917451177,160.82950207769716,0.009757547384466212,0.007077704643872154+0.006716831688691773i,0.00010096108921146898+0.0i,"[80,0.26,0.6,0.85,True,300,10,10]",0.26,0.007077704643872154,0.006716831688691773,0.00010096108921146898,0.0
194,1.3627017369388938,-0.0002282108145294,2985.6204223907293,7.3821480232260175,-5.702121814778251-4.688487628889489i,6.0096360291991955e-09+0.0i,"[80,0.26,0.6,0.85,True,300,10,10]",0.26,-5.702121814778251,-4.688487628889489,6.0096360291991955e-09,0.0
195,1.378666390380588,-0.0001068972293537,6448.559980065682,7.02031014383509,6.7939124856593525-1.7684760820649583i,3.039935110235563e-09+0.0i,"[80,0.26,0.6,0.85,True,300,10,10]",0.26,6.7939124856593525,-1.7684760820649583,3.039935110235563e-09,0.0
196,1.2405856459542277,-0.0042127751975783,147.2409027032053,0.0202623797375342,0.010584410721482395-0.017278144643074644i,4.7226643103835645e-05+0.0i,"[80,0.26,0.6,0.85,True,300,10,10]",0.26,0.010584410721482395,-0.017278144643074644,4.7226643103835645e-05,0.0
197,1.3627018644362858,-0.0002282196251434,2985.505439288152,7.380685289266615,-5.7004878130561405-4.688171715327313i,9.971146549324139e-09+0.0i,"[80,0.26,0.6,0.85,True,300,10,10]",0.26,-5.7004878130561405,-4.688171715327313,9.971146549324139e-09,0.0
198,1.3786666748706324,-0.0001068215708778,6453.128630951651,7.022581593177713,-6.7965949291168295+1.7671869177712436i,6.277445791363943e-09+0.0i,"[80,0.26,0.6,0.85,True,300,10,10]",0.26,-6.7965949291168295,1.7671869177712436,6.277445791363943e-09,0.0
199,1.240687032088271,-0.0080705100016136,76.86546648478281,0.1291680096874278,-0.07856521136190003+0.10252747090546717i,3.756602147624406e-05+0.0i,"[80,0.253,0.6,0.85,True,300,10,10]",0.253,-0.07856521136190003,0.10252747090546717,3.756602147624406e-05,0.0
200,1.3620433374251917,-0.0002313638968912,2943.5088095559145,7.317902336295872,-5.495499572032839-4.832305770266558i,1.1923314406542924e-08+0.0i,"[80,0.253,0.6,0.85,True,300,10,10]",0.253,-5.495499572032839,-4.832305770266558,1.1923314406542924e-08,0.0
201,1.3786766126306205,-0.000110749099294,6224.324267277734,7.020565663207874,6.817289092954978+1.6771737102907727i,7.468524842014275e-09+0.0i,"[80,0.253,0.6,0.85,True,300,10,10]",0.253,6.817289092954978,1.6771737102907727,7.468524842014275e-09,0.0
202,1.2414807769814444,-0.0029631003595763,209.4901667723032,0.009153967705118,0.008073386778249276-0.004314574217131318i,3.655374131456189e-05+0.0i,"[80,0.253,0.6,0.85,True,300,10,10]",0.253,0.008073386778249276,-0.004314574217131318,3.655374131456189e-05,0.0
203,1.3620433744151001,-0.0002313769559518,2943.3427560059554,7.318006547195199,-5.495433728437734-4.832538459354539i,1.0615656722698397e-08+0.0i,"[80,0.253,0.6,0.85,True,300,10,10]",0.253,-5.495433728437734,-4.832538459354539,1.0615656722698397e-08,0.0
204,1.378680725465439,-0.0001083438530987,6362.523973594969,7.007545607600952,-6.811323022978824+1.6466857985802892i,1.1355540705937562e-08+0.0i,"[80,0.253,0.6,0.85,True,300,10,10]",0.253,-6.811323022978824,1.6466857985802892,1.1355540705937562e-08,0.0
205,1.2450738153383352,-0.0123683507741424,50.333057255350205,0.2598981418042418,-0.19798934008337088+0.1683664614068048i,5.674181367932486e-05+0.0i,"[80,0.267,0.6,0.85,True,300,10,10]",0.267,-0.19798934008337088,0.1683664614068048,5.674181367932486e-05,0.0
206,1.363034246319079,-0.0002259290417276,3016.509599422081,7.4157683113131965,-5.771992005920747+4.655934699999987i,9.098215783808973e-09+0.0i,"[80,0.267,0.6,0.85,True,300,10,10]",0.267,-5.771992005920747,4.655934699999987,9.098215783808973e-09,0.0
207,1.3784154735480136,-0.0001105224269425,6235.908456231018,7.058841980682099,6.818524094605216+1.826192563649328i,9.014803376656348e-09+0.0i,"[80,0.267,0.6,0.85,True,300,10,10]",0.267,6.818524094605216,1.826192563649328,9.014803376656348e-09,0.0
208,1.240583511900822,-0.0042033504354714,147.57079274567738,0.0195458095834932,0.01415235931683013-0.01348144643728959i,4.400401645999618e-05+0.0i,"[80,0.267,0.6,0.85,True,300,10,10]",0.267,0.01415235931683013,-0.01348144643728959,4.400401645999618e-05,0.0
209,1.36302710632007,-0.0002263663452819,3010.6664147053607,7.417434387385587,-5.804892821848337-4.617526634251702i,7.60068494433197e-09+0.0i,"[80,0.267,0.6,0.85,True,300,10,10]",0.267,-5.804892821848337,-4.617526634251702,7.60068494433197e-09,0.0
210,1.3784226522598393,-0.0001058525984536,6511.047779633157,7.028668457677761,-6.801814554509234+1.7712986913619693i,4.37743274170026e-09+0.0i,"[80,0.267,0.6,0.85,True,300,10,10]",0.267,-6.801814554509234,1.7712986913619693,4.37743274170026e-09,0.0
211,1.2404356281154167,-0.0071409310856486,86.8539139530668,0.09869537143529852,-0.09003604528345877+0.04042631435669718i,4.060177830904494e-05+0.0i,"[80,0.274,0.6,0.85,True,300,10,10]",0.274,-0.09003604528345877,0.04042631435669718,4.060177830904494e-05,0.0
212,1.3629570239957742,-0.0002238159425259,3044.816666350247,7.405805758343306,-5.750759325499959-4.666339690859006i,3.2796826063220752e-09+0.0i,"[80,0.274,0.6,0.85,True,300,10,10]",0.274,-5.750759325499959,-4.666339690859006,3.2796826063220752e-09,0.0
213,1.3778265645540357,-0.0001048602176528,6569.825027046167,7.054275045816877,6.866657828754652-1.6161085003294644i,1.29664677412749e-09+0.0i,"[80,0.274,0.6,0.85,True,300,10,10]",0.274,6.866657828754652,-1.6161085003294644,1.29664677412749e-09,0.0
214,1.2390516817040584,-0.0017289669009632,358.32140019966226,0.003888887166723,0.001821180274866174-0.0034360945566066186i,4.784935692073731e-05+0.0i,"[80,0.274,0.6,0.85,True,300,10,10]",0.274,0.001821180274866174,-0.0034360945566066186,4.784935692073731e-05,0.0
215,1.3629555434844236,-0.0002242405456211,3039.047955643294,7.4073604341169075,-5.758657465665772-4.6590613640574094i,9.638241195768984e-09+0.0i,"[80,0.274,0.6,0.85,True,300,10,10]",0.274,-5.758657465665772,-4.6590613640574094,9.638241195768984e-09,0.0
216,1.3778263926655303,-0.0001060017597776,6499.0732019728575,7.062868705702856,-6.874698300953709+1.619455965706053i,8.426732469584312e-09+0.0i,"[80,0.274,0.6,0.85,True,300,10,10]",0.274,-6.874698300953709,1.619455965706053,8.426732469584312e-09,0.0
217,1.2379886647317748,-0.0029915426942824,206.9147579103344,0.005960515041491726,0.001002272196863234+0.0058756437947891345i,0.00010790881445669611+0.0i,"[80,0.281,0.6,0.85,True,300,10,10]",0.281,0.001002272196863234,0.0058756437947891345,0.00010790881445669611,0.0
218,1.3636992719519232,-0.0002178903334797,3129.3248538695075,7.372030164980748,-5.927634511210844-4.382918873865709i,1.4195265322164595e-08+0.0i,"[80,0.281,0.6,0.85,True,300,10,10]",0.281,-5.927634511210844,-4.382918873865709,1.4195265322164595e-08,0.0
219,1.3778338779487167,-0.0001047840808284,6574.6336039542775,7.090513816519922,6.885674577523362-1.6920023033992566i,7.020271767660744e-09+0.0i,"[80,0.281,0.6,0.85,True,300,10,10]",0.281,6.885674577523362,-1.6920023033992566,7.020271767660744e-09,0.0
220,1.225991334018997,-0.0057111253479799,107.33360409018428,0.0118834233612815,-0.006970176225551991+0.009624572414824619i,0.00011833234266871818+0.0i,"[80,0.281,0.6,0.85,True,300,10,10]",0.281,-0.006970176225551991,0.009624572414824619,0.00011833234266871818,0.0
221,1.363699246294619,-0.0002202036200954,3096.450561765545,7.39249901068232,-5.941605796398298+4.398449975064537i,2.7737078241589807e-09+0.0i,"[80,0.281,0.6,0.85,True,300,10,10]",0.281,-5.941605796398298,4.398449975064537,2.7737078241589807e-09,0.0
222,1.3778331570817695,-0.0001063430555343,6478.246981708673,7.100994275557042,-6.8946398318326345+1.699429695751121i,9.501651645163262e-09+0.0i,"[80,0.281,0.6,0.85,True,300,10,10]",0.281,-6.8946398318326345,1.699429695751121,9.501651645163262e-09,0.0
223,1.3640585022409892,-0.0002180845851618,3127.3611136441937,7.423821842403224,-6.033345540203884-4.325722175573126i,3.145483833000752e-08+0.0i,"[80,0.288,0.6,0.85,True,300,10,10]",0.288,-6.033345540203884,-4.325722175573126,3.145483833000752e-08,0.0
224,1.3776496293270661,-9.907632574871076e-05,6952.4662875631175,7.06875960010591,6.85938002116765+1.7077084087441752i,4.585592848760451e-09+0.0i,"[80,0.288,0.6,0.85,True,300,10,10]",0.288,6.85938002116765,1.7077084087441752,4.585592848760451e-09,0.0
225,1.2320265983803536,0.0079772643670302,-77.22112128264607,0.1448625106052804,0.02501909069262287-0.14268564076240922i,0.0007217851726520186+0.0i,"[80,0.288,0.6,0.85,True,300,10,10]",0.288,0.02501909069262287,-0.14268564076240922,0.0007217851726520186,0.0
226,1.3640582768884078,-0.0002171193318032,3141.2639896219025,7.416855865597942,-6.028558004631838-4.320444342407848i,1.0395313450513908e-09+0.0i,"[80,0.288,0.6,0.85,True,300,10,10]",0.288,-6.028558004631838,-4.320444342407848,1.0395313450513908e-09,0.0
227,1.377653454347206,-0.0001045772025261,6586.777141998619,7.104483251398515,-6.9008431177141745+1.6888003239278873i,9.137569957017728e-10+0.0i,"[80,0.288,0.6,0.85,True,300,10,10]",0.288,-6.9008431177141745,1.6888003239278873,9.137569957017728e-10,0.0
228,1.2571317067855452,-0.0110548461870965,56.85885110970118,0.04725758486685792,0.04542227338590187-0.013042101360772697i,0.00020229199181914778+0.0i,"[80,0.295,0.6,0.85,True,300,10,10]",0.295,0.04542227338590187,-0.013042101360772697,0.00020229199181914778,0.0
229,1.3642810047691163,-0.0002137647841892,3191.0798823656696,7.424543015613623,-6.078624694911498-4.263116326011892i,4.762021591810445e-09+0.0i,"[80,0.295,0.6,0.85,True,300,10,10]",0.295,-6.078624694911498,-4.263116326011892,4.762021591810445e-09,0.0
230,1.3774074084338832,-0.0001037111698381,6640.593344876978,7.125034866966319,6.929752933833976-1.6566973566421679i,5.629503934891376e-09+0.0i,"[80,0.295,0.6,0.85,True,300,10,10]",0.295,6.929752933833976,-1.6566973566421679,5.629503934891376e-09,0.0
231,1.5084437158934583,-0.0027164026715539,277.65465917291914,0.0001694572372127,-9.02628498990301e-05-0.0001434167813468811i,0.0011529485980095722+0.0i,"[80,0.295,0.6,0.85,True,300,10,10]",0.295,-9.02628498990301e-05,-0.0001434167813468811,0.0011529485980095722,0.0
232,1.2758483561163225,0.0010166414491333,-627.4819687924366,4.856830726137211e-05,-2.918552234529233e-05+3.882120239852821e-05i,0.0014895316579217517+0.0i,"[80,0.295,0.6,0.85,True,300,10,10]",0.295,-2.918552234529233e-05,3.882120239852821e-05,0.0014895316579217517,0.0
233,1.364279411785922,-0.0002154647825999,3165.898842779969,7.433076973497241,-6.091961051424049-4.258948678003445i,5.798864275318828e-08+0.0i,"[80,0.295,0.6,0.85,True,300,10,10]",0.295,-6.091961051424049,-4.258948678003445,5.798864275318828e-08,0.0
234,1.3774060917659734,-0.0001053188010934,6539.222235087883,7.136847226296629,-6.939125747528543+1.6682692203251654i,4.11025948620429e-08+0.0i,"[80,0.295,0.6,0.85,True,300,10,10]",0.295,-6.939125747528543,1.6682692203251654,4.11025948620429e-08,0.0
235,1.4960046195961914,-0.0142932013134488,52.33273452143164,0.2753307096766826,0.07260610978707197-0.26558492523607835i,0.00014420818195283062+0.0i,"[80,0.295,0.6,0.85,True,300,10,10]",0.295,0.07260610978707197,-0.26558492523607835,0.00014420818195283062,0.0
236,1.2374315959158624,-0.0033539867119433,184.47174991919985,0.007460145229099247,-0.0013496958413230303+0.007337035366901782i,0.00023268627878741924+0.0i,"[80,0.302,0.6,0.85,True,300,10,10]",0.302,-0.0013496958413230303,0.007337035366901782,0.00023268627878741924,0.0
237,1.364250106965898,-0.0002136148170182,3193.2478420944703,7.3758955817319025,-6.020717947844874-4.260843933437461i,1.4853509687666286e-08+0.0i,"[80,0.302,0.6,0.85,True,300,10,10]",0.302,-6.020717947844874,-4.260843933437461,1.4853509687666286e-08,0.0
238,1.3768614150545881,-0.0001008641292597,6825.327423927138,7.138053018798104,6.986231621281811-1.4643662905758361i,7.311870868020617e-09+0.0i,"[80,0.302,0.6,0.85,True,300,10,10]",0.302,6.986231621281811,-1.4643662905758361,7.311870868020617e-09,0.0
239,1.2346842763338575,-0.0055714626318935,110.804321765166,0.0489730385599802,0.02795880430886574-0.04020775755268951i,0.00024996018928156386+0.0i,"[80,0.302,0.6,0.85,True,300,10,10]",0.302,0.02795880430886574,-0.04020775755268951,0.00024996018928156386,0.0
240,1.3642506742922376,-0.0002130058834941,3202.3779153721284,7.373220719361172,-6.016160275742497-4.262651676245064i,1.2421073037446679e-08+0.0i,"[80,0.302,0.6,0.85,True,300,10,10]",0.302,-6.016160275742497,-4.262651676245064,1.2421073037446679e-08,0.0
241,1.3768617579417268,-0.0001045645845128,6583.786299906756,7.1627834645041,-7.010929178938569+1.467085207914361i,2.1471925252422836e-09+0.0i,"[80,0.302,0.6,0.85,True,300,10,10]",0.302,-7.010929178938569,1.467085207914361,2.1471925252422836e-09,0.0
242,1.4656431065941344,-0.0107448020817751,68.20242455094147,2.656863543172819,2.021436213219823+1.724157627052796i,2.4140214895752715e-05+0.0i,"[80,0.302,0.6,0.85,True,300,10,10]",0.302,2.021436213219823,1.724157627052796,2.4140214895752715e-05,0.0
243,1.4994667101844208,-0.010808688086914,69.36395509459669,0.2791922047344704,0.2630918373330541-0.09343967205214429i,0.0001480697269964662+0.0i,"[80,0.302,0.6,0.85,True,300,10,10]",0.302,0.2630918373330541,-0.09343967205214429,0.0001480697269964662,0.0
244,1.2365333202532545,-0.0067262059606012,91.91907945550903,0.090816341200201,-0.04159035165754109+0.08073320554761464i,4.736184236855966e-05+0.0i,"[80,0.309,0.6,0.85,True,300,10,10]",0.309,-0.04159035165754109,0.08073320554761464,4.736184236855966e-05,0.0
245,1.3649467047020276,-0.000209515302074,3257.391443941867,7.384187046917679,-6.179671476323056-4.042014199453791i,1.2859357821779316e-08+0.0i,"[80,0.309,0.6,0.85,True,300,10,10]",0.309,-6.179671476323056,-4.042014199453791,1.2859357821779316e-08,0.0
246,1.37699100388185,-0.0001022555631926,6733.086009644006,7.170656222315977,6.996345705976295-1.5714507377280096i,1.2087675610602172e-08+0.0i,"[80,0.309,0.6,0.85,True,300,10,10]",0.309,6.996345705976295,-1.5714507377280096,1.2087675610602172e-08,0.0
247,1.2393676782916205,-0.0021465519284998,288.68802609349177,0.00413739283898,0.004001131433172375-0.0010530749064159531i,3.78926436203196e-05+0.0i,"[80,0.309,0.6,0.85,True,300,10,10]",0.309,0.004001131433172375,-0.0010530749064159531,3.78926436203196e-05,0.0
248,1.3649465531724772,-0.0002094319446451,3258.6875786434352,7.384702444191927,-6.1806810915894586-4.041412059333069i,8.56743635154026e-09+0.0i,"[80,0.309,0.6,0.85,True,300,10,10]",0.309,-6.1806810915894586,-4.041412059333069,8.56743635154026e-09,0.0
249,1.3769911440396898,-0.0001051290562257,6549.051201807647,7.190343232702545,-7.015805155998749+1.5746472040214738i,8.49154607844145e-09+0.0i,"[80,0.309,0.6,0.85,True,300,10,10]",0.309,-7.015805155998749,1.5746472040214738,8.49154607844145e-09,0.0
250,1.2372293763859588,-0.0056107912141776,110.25444800544857,0.05924681441291674,-0.033511485600562205+0.04885862616695143i,4.346183890357283e-05+0.0i,"[80,0.316,0.6,0.85,True,300,10,10]",0.316,-0.033511485600562205,0.04885862616695143,4.346183890357283e-05,0.0
251,1.3651978970612724,-0.0002069874194706,3297.7798857349585,7.40647675754007,-6.232689316809322-4.001185054469766i,4.342264240326133e-09+0.0i,"[80,0.316,0.6,0.85,True,300,10,10]",0.316,-6.232689316809322,-4.001185054469766,4.342264240326133e-09,0.0
252,1.3768211406559083,-0.0001031733536792,6672.367871920915,7.188940517982616,7.021294016186374-1.5434688559726675i,2.8052872018698483e-09+0.0i,"[80,0.316,0.6,0.85,True,300,10,10]",0.316,7.021294016186374,-1.5434688559726675,2.8052872018698483e-09,0.0
253,1.2249103924378197,-0.0015136225867298,404.62873743321137,0.0005064742918219,1.541430520215843e-05+0.0005062396739408014i,0.00015418387198417926+0.0i,"[80,0.316,0.6,0.85,True,300,10,10]",0.316,1.541430520215843e-05,0.0005062396739408014,0.00015418387198417926,0.0
254,1.3651970200519161,-0.0002080971614016,3280.1913559422437,7.416098344056021,-6.244222946588719-4.001024174134086i,9.369920132500232e-09+0.0i,"[80,0.316,0.6,0.85,True,300,10,10]",0.316,-6.244222946588719,-4.001024174134086,9.369920132500232e-09,0.0
255,1.3768210706838837,-0.0001046259074902,6579.732992101466,7.195947017402559,-7.028052148501776+1.5453596588510896i,8.60622360356935e-09+0.0i,"[80,0.316,0.6,0.85,True,300,10,10]",0.316,-7.028052148501776,1.5453596588510896,8.60622360356935e-09,0.0
256,1.2366281837312971,-0.0075498902383493,81.89709682465922,0.08853765571733234,-0.051190768539247665+0.0722386440645313i,4.5942212832841915e-05+0.0i,"[80,0.323,0.6,0.85,True,300,10,10]",0.323,-0.051190768539247665,0.0722386440645313,4.5942212832841915e-05,0.0
257,1.3651417626990554,-0.0002059437326168,3314.356172320985,7.428103986334642,-6.2054495186981615-4.082783989227125i,1.3956818176222724e-08+0.0i,"[80,0.323,0.6,0.85,True,300,10,10]",0.323,-6.2054495186981615,-4.082783989227125,1.3956818176222724e-08,0.0
258,1.3763981248219428,-0.00010906581143,6309.943082874449,7.248600477524375,7.099799408661903+1.4611835064531395i,1.2771966637128243e-08+0.0i,"[80,0.323,0.6,0.85,True,300,10,10]",0.323,7.099799408661903,1.4611835064531395,1.2771966637128243e-08,0.0
259,1.2242188683622246,-0.0011247288338342,544.2284537993314,0.0004160238576813,0.00011078852599572968+0.000401000938487429i,0.00016303342699599678+0.0i,"[80,0.323,0.6,0.85,True,300,10,10]",0.323,0.00011078852599572968,0.000401000938487429,0.00016303342699599678,0.0
260,1.3651415102306363,-0.0002059262618357,3314.636749244883,7.427714604888749,-6.206062662365715-4.081143281296038i,9.165968438158483e-09+0.0i,"[80,0.323,0.6,0.85,True,300,10,10]",0.323,-6.206062662365715,-4.081143281296038,9.165968438158483e-09,0.0
261,1.3764042500320937,-0.0001035251284664,6647.681922355098,7.208914464210384,-7.069305674403564+1.4118657989154832i,8.540374080850808e-09+0.0i,"[80,0.323,0.6,0.85,True,300,10,10]",0.323,-7.069305674403564,1.4118657989154832,8.540374080850808e-09,0.0
262,1.2366608549842135,-0.0065092081077553,94.99318768982069,0.06246894343808653,-0.03662985318346716+0.050602596277547804i,3.834531217938584e-05+0.0i,"[80,0.33,0.6,0.85,True,300,10,10]",0.33,-0.03662985318346716,0.050602596277547804,3.834531217938584e-05,0.0
263,1.3656000180311425,-0.0002006280861639,3403.312178622833,7.322084382660799,-6.226273666833538-3.853107308718566i,3.1822961277396194e-09+0.0i,"[80,0.33,0.6,0.85,True,300,10,10]",0.33,-6.226273666833538,-3.853107308718566,3.1822961277396194e-09,0.0
264,1.3763084754039434,-0.0001027099645726,6699.975416845508,7.234016708344188,7.1009999591406805-1.3808683198940221i,1.9090294260507723e-09+0.0i,"[80,0.33,0.6,0.85,True,300,10,10]",0.33,7.1009999591406805,-1.3808683198940221,1.9090294260507723e-09,0.0
265,1.4906119792477113,-0.0148248391362211,50.27413672252731,0.5793641134172651,0.13963413952115564+0.5622855884654702i,2.5524997359029425e-05+0.0i,"[80,0.33,0.6,0.85,True,300,10,10]",0.33,0.13963413952115564,0.5622855884654702,2.5524997359029425e-05,0.0
266,1.2370134884281478,-0.0013263933490214,466.3071815539489,0.0023241746027043,0.0015040390467129794-0.0017719069190616859i,7.606589664830282e-05+0.0i,"[80,0.33,0.6,0.85,True,300,10,10]",0.33,0.0015040390467129794,-0.0017719069190616859,7.606589664830282e-05,0.0
267,1.3656000472990908,-0.0002006860515795,3402.329251462507,7.32582786637137,-6.2293782900503105-3.855204280858951i,5.012914332005231e-09+0.0i,"[80,0.33,0.6,0.85,True,300,10,10]",0.33,-6.2293782900503105,-3.855204280858951,5.012914332005231e-09,0.0
268,1.376308502211635,-0.000102795262231,6694.416028233757,7.233049406398663,-7.10010498543966+1.3804031697800954i,3.6871652443680936e-09+0.0i,"[80,0.33,0.6,0.85,True,300,10,10]",0.33,-7.10010498543966,1.3804031697800954,3.6871652443680936e-09,0.0
269,1.2362621058193348,-0.006777154057648,91.20805689994722,0.06398023016838615,-0.03380242723090271+0.05432187189060402i,4.608667211892876e-05+0.0i,"[80,0.337,0.6,0.85,True,300,10,10]",0.337,-0.03380242723090271,0.05432187189060402,4.608667211892876e-05,0.0
270,1.3659168959038528,-0.0001995369038284,3422.717476557508,7.342219562271471,-6.2862475801841935-3.7935839863156118i,6.678860276883957e-09+0.0i,"[80,0.337,0.6,0.85,True,300,10,10]",0.337,-6.2862475801841935,-3.7935839863156118,6.678860276883957e-09,0.0
271,1.3762220446892541,-0.0001028619098954,6689.658232517479,7.237578227435621,7.108191125531278-1.3624087203069881i,4.940089658278751e-09+0.0i,"[80,0.337,0.6,0.85,True,300,10,10]",0.337,7.108191125531278,-1.3624087203069881,4.940089658278751e-09,0.0
272,1.4907404468117345,-0.0148578087197585,50.1669012883874,0.6456090966793586,0.09421688977521671+0.6386973331682402i,1.7330064683273052e-05+0.0i,"[80,0.337,0.6,0.85,True,300,10,10]",0.337,0.09421688977521671,0.6386973331682402,1.7330064683273052e-05,0.0
273,1.2202975741843818,0.0006296841457417,-968.9759401095226,0.0002471004032548,0.00017880189507749208-0.00017055348605470835i,0.0006306225308503801+0.0i,"[80,0.337,0.6,0.85,True,300,10,10]",0.337,0.00017880189507749208,-0.00017055348605470835,0.0006306225308503801,0.0
274,1.365922671681328,-0.0001956578764541,3490.5895342306217,7.319761528184218,-6.245183689910733+3.817930003124562i,1.0447071141220465e-08+0.0i,"[80,0.337,0.6,0.85,True,300,10,10]",0.337,-6.245183689910733,3.817930003124562,1.0447071141220465e-08,0.0
275,1.3762279848526577,-9.930011109518664e-05,6929.639703692977,7.208707165820327,-7.087542956412991-1.3161283537519943i,9.377604722322878e-09+0.0i,"[80,0.337,0.6,0.85,True,300,10,10]",0.337,-7.087542956412991,-1.3161283537519943,9.377604722322878e-09,0.0
276,1.2358462644487005,-0.0067838932046473,91.08680127821512,0.061927592773276675,-0.02993945053390237+0.05420937233007594i,4.441758034284217e-05+0.0i,"[80,0.344,0.6,0.85,True,300,10,10]",0.344,-0.02993945053390237,0.05420937233007594,4.441758034284217e-05,0.0
277,1.3660754835966906,-0.0001973798222148,3460.524658162869,7.3501130225044,-6.310840410204322-3.767951002935272i,5.056059241675727e-09+0.0i,"[80,0.344,0.6,0.85,True,300,10,10]",0.344,-6.310840410204322,-3.767951002935272,5.056059241675727e-09,0.0
278,1.3760373052075527,-0.0001022510119533,6728.722185339705,7.242898252921057,7.123322279945665-1.3106695991731083i,3.4978212017683374e-09+0.0i,"[80,0.344,0.6,0.85,True,300,10,10]",0.344,7.123322279945665,-1.3106695991731083,3.4978212017683374e-09,0.0
279,1.490616584000527,-0.0146919910327705,50.7288828544649,0.7029797571145382,0.042848323665607625+0.7016726872779518i,1.7994284080871966e-05+0.0i,"[80,0.344,0.6,0.85,True,300,10,10]",0.344,0.042848323665607625,0.7016726872779518,1.7994284080871966e-05,0.0
280,1.2200115961689915,-0.0054250055294706,112.4433504759977,0.0128643252146326,0.011600543921006066-0.005560417607036644i,0.00021544106765566682+0.0i,"[80,0.344,0.6,0.85,True,300,10,10]",0.344,0.011600543921006066,-0.005560417607036644,0.00021544106765566682,0.0
281,1.366079813855031,-0.0001923176815422,3551.623030446376,7.314501395546093,-6.263586399642838+3.777488064793191i,1.020092055471403e-08+0.0i,"[80,0.344,0.6,0.85,True,300,10,10]",0.344,-6.263586399642838,3.777488064793191,1.020092055471403e-08,0.0
282,1.3760430329099476,-9.882063249779292e-05,6962.326581651258,7.215522103245239,-7.10356731975911-1.2661321242551955i,9.231350254094413e-09+0.0i,"[80,0.344,0.6,0.85,True,300,10,10]",0.344,-7.10356731975911,-1.2661321242551955,9.231350254094413e-09,0.0
283,1.235434879780478,-0.0099486422268982,62.09062762555788,0.11405898830681922,-0.0513842454062536+0.101828837455826i,3.2510571826662944e-05+0.0i,"[80,0.351,0.6,0.85,True,300,10,10]",0.351,-0.0513842454062536,0.101828837455826,3.2510571826662944e-05,0.0
284,1.365867648253349,-0.0001957167728549,3489.398553658485,7.277073481996754,-6.186413097631184-3.8319827045326944i,3.4371585179585982e-09+0.0i,"[80,0.351,0.6,0.85,True,300,10,10]",0.351,-6.186413097631184,-3.8319827045326944,3.4371585179585982e-09,0.0
285,1.375464324498397,-0.0001012292897931,6793.806058056066,7.256305697867859,7.179037836508924-1.0561193696182376i,2.7787821236909834e-09+0.0i,"[80,0.351,0.6,0.85,True,300,10,10]",0.351,7.179037836508924,-1.0561193696182376,2.7787821236909834e-09,0.0
286,1.5031354033599602,-0.0149553191839854,50.25420670959522,1.2183677798786554,-1.217492118115101-0.04618429791659131i,8.178386252516617e-05+0.0i,"[80,0.351,0.6,0.85,True,300,10,10]",0.351,-1.217492118115101,-0.04618429791659131,8.178386252516617e-05,0.0
287,1.229451517108166,-0.0043066586107028,142.7384462344836,0.0009373748966937,-0.0009024599874038881+0.00025345151032619794i,6.554454992634689e-05+0.0i,"[80,0.351,0.6,0.85,True,300,10,10]",0.351,-0.0009024599874038881,0.00025345151032619794,6.554454992634689e-05,0.0
288,1.2407761416747063,-0.0070917615728772,87.48010835700619,0.0593027829618436,0.03862802970378226+0.04499661529741149i,7.893541930878855e-05+0.0i,"[80,0.351,0.6,0.85,True,300,10,10]",0.351,0.03862802970378226,0.04499661529741149,7.893541930878855e-05,0.0
289,1.365867939690649,-0.0001958578889652,3486.885177070186,7.277695994915204,-6.185762403591914-3.8342147149988333i,5.080962539868982e-09+0.0i,"[80,0.351,0.6,0.85,True,300,10,10]",0.351,-6.185762403591914,-3.8342147149988333,5.080962539868982e-09,0.0
290,1.3754636643922689,-0.0001027544934027,6692.961148672227,7.267789971538653,-7.18970069423728+1.0625323513577236i,4.400120710990852e-09+0.0i,"[80,0.351,0.6,0.85,True,300,10,10]",0.351,-7.18970069423728,1.0625323513577236,4.400120710990852e-09,0.0
291,1.2358699287161763,-0.0088093076924799,70.14568975557411,0.09581253546659531,-0.052224888411486266+0.08032809585036478i,3.51631570384427e-05+0.0i,"[80,0.358,0.6,0.85,True,300,10,10]",0.358,-0.052224888411486266,0.08032809585036478,3.51631570384427e-05,0.0
292,1.3665255224206256,-0.0001930351385575,3539.577127336116,7.252736615167043,-6.292932507045613-3.6057161384048673i,4.359703139950496e-09+0.0i,"[80,0.358,0.6,0.85,True,300,10,10]",0.358,-6.292932507045613,-3.6057161384048673,4.359703139950496e-09,0.0
293,1.3756928088273814,-0.0001020072396803,6743.1135924179525,7.265249090872146,7.170192886572987-1.1714001544120998i,3.6965318083263723e-09+0.0i,"[80,0.358,0.6,0.85,True,300,10,10]",0.358,7.170192886572987,-1.1714001544120998,3.6965318083263723e-09,0.0
294,1.4973325437043188,-0.0089931485230388,83.24851634933086,0.6027607821035708,-0.5844397507937964+0.1474813145255817i,6.983371428669848e-05+0.0i,"[80,0.358,0.6,0.85,True,300,10,10]",0.358,-0.5844397507937964,0.1474813145255817,6.983371428669848e-05,0.0
295,1.2199774845166287,-0.0106080591697839,57.5023887494717,0.0328113154650665,0.02613103046683549-0.0198431768950798i,0.0001520046435208658+0.0i,"[80,0.358,0.6,0.85,True,300,10,10]",0.358,0.02613103046683549,-0.0198431768950798,0.0001520046435208658,0.0
296,1.366525737919112,-0.0001923141447924,3552.8477101720264,7.249665335483713,-6.28948929479001-3.6055473769229613i,1.5293781349673826e-09+0.0i,"[80,0.358,0.6,0.85,True,300,10,10]",0.358,-6.28948929479001,-3.6055473769229613,1.5293781349673826e-09,0.0
297,1.3756926786092714,-0.0001027802878759,6692.395531471018,7.270313432979993,-7.175026700928666+1.1732217415007398i,5.528830049569937e-10+0.0i,"[80,0.358,0.6,0.85,True,300,10,10]",0.358,-7.175026700928666,1.1732217415007398,5.528830049569937e-10,0.0
298,1.235527407441774,-0.0082835754662081,74.57693917813405,0.08694893655107636,-0.04690277246218471+0.0732137111661718i,3.402168731629975e-05+0.0i,"[80,0.365,0.6,0.85,True,300,10,10]",0.365,-0.04690277246218471,0.0732137111661718,3.402168731629975e-05,0.0
299,1.366720249974896,-0.0001919438357193,3560.208758079943,7.2711333457409,-6.320228068411173-3.5950100548973203i,4.0589783041504265e-09+0.0i,"[80,0.365,0.6,0.85,True,300,10,10]",0.365,-6.320228068411173,-3.5950100548973203,4.0589783041504265e-09,0.0
300,1.3755702286916172,-0.0001019716056971,6744.86892350013,7.26120274567978,7.1732128808329145-1.1269792722673908i,3.4924826073929395e-09+0.0i,"[80,0.365,0.6,0.85,True,300,10,10]",0.365,7.1732128808329145,-1.1269792722673908,3.4924826073929395e-09,0.0
301,1.4966746902307428,-0.0089726287360895,83.40224109634886,0.6207896292803141,-0.605786149239962+0.13565730798968534i,6.460247779559985e-05+0.0i,"[80,0.365,0.6,0.85,True,300,10,10]",0.365,-0.605786149239962,0.13565730798968534,6.460247779559985e-05,0.0
302,1.2226329928531972,-0.0063602125021936,96.11573453178674,0.0142198675769849,0.01414181431869202-0.001487858085512738i,0.0001651541566200862+0.0i,"[80,0.365,0.6,0.85,True,300,10,10]",0.365,0.01414181431869202,-0.001487858085512738,0.0001651541566200862,0.0
303,1.3667238472764558,-0.0001891059241831,3613.646302146192,7.246194435196097,-6.2856869216602+3.6052009258204736i,6.050835353005305e-09+0.0i,"[80,0.365,0.6,0.85,True,300,10,10]",0.365,-6.2856869216602,3.6052009258204736,6.050835353005305e-09,0.0
304,1.3755703000996986,-0.0001032960618253,6658.386950056081,7.274492187265253,-7.186379609161641+1.1287978984782825i,5.698888050927369e-09+0.0i,"[80,0.365,0.6,0.85,True,300,10,10]",0.365,-7.186379609161641,1.1287978984782825,5.698888050927369e-09,0.0
305,1.2373751126070618,-0.0045290648663186,136.60381879370453,0.013411053199192639,-0.0133149492896337-0.0016026457269334763i,7.52211934235105e-05+0.0i,"[80,0.372,0.6,0.85,True,300,10,10]",0.372,-0.0133149492896337,-0.0016026457269334763,7.52211934235105e-05,0.0
306,1.366743951126798,-0.0001833271986756,3727.608235438605,7.2083078189290095,-6.249464625061995+3.592198980086131i,1.0061681968746735e-08+0.0i,"[80,0.372,0.6,0.85,True,300,10,10]",0.372,-6.249464625061995,3.592198980086131,1.0061681968746735e-08,0.0
307,1.3752895146258128,-0.000106808336342,6438.118791687323,7.304918770698629,7.229717839672818+1.0454751098049966i,9.46205317675892e-09+0.0i,"[80,0.372,0.6,0.85,True,300,10,10]",0.372,7.229717839672818,1.0454751098049966,9.46205317675892e-09,0.0
308,1.474819568157401,0.0048843980992204,-150.97249837116917,0.0005175933909067,-0.00039949346105741507-0.0003291016452141569i,0.00016794318743358462+0.0i,"[80,0.372,0.6,0.85,True,300,10,10]",0.372,-0.00039949346105741507,-0.0003291016452141569,0.00016794318743358462,0.0
309,1.217162577522265,-0.005735468498797,106.1083831057172,0.0209533562661298,0.01251180432948542-0.01680767358190991i,0.00019848808206804388+0.0i,"[80,0.372,0.6,0.85,True,300,10,10]",0.372,0.01251180432948542,-0.01680767358190991,0.00019848808206804388,0.0
310,1.3667431500172387,-0.0001893833612038,3608.403455640364,7.252158235094829,-6.29028775630984-3.609165971477658i,4.762828274808999e-09+0.0i,"[80,0.372,0.6,0.85,True,300,10,10]",0.372,-6.29028775630984,-3.609165971477658,4.762828274808999e-09,0.0
311,1.3752931061413982,-0.0001026655145217,6697.931201861921,7.273403589366014,-7.202217977353584+1.0151137771143008i,4.39005886109001e-09+0.0i,"[80,0.372,0.6,0.85,True,300,10,10]",0.372,-7.202217977353584,1.0151137771143008,4.39005886109001e-09,0.0
312,1.234690655100266,-0.0059516957866507,103.725954699297,0.05376282849829254,-0.025929177819696864+0.04709691567110692i,4.405922834931466e-05+0.0i,"[80,0.379,0.6,0.85,True,300,10,10]",0.379,-0.025929177819696864,0.04709691567110692,4.405922834931466e-05,0.0
313,1.366941113553131,-0.0001864126279085,3666.439148703633,7.15279302597959,-6.237058555301117-3.501649418523705i,5.155757187141397e-09+0.0i,"[80,0.379,0.6,0.85,True,300,10,10]",0.379,-6.237058555301117,-3.501649418523705,5.155757187141397e-09,0.0
314,1.3751211648801518,-0.0001021553418698,6730.539684514044,7.287443853039268,7.2267255902884715-0.9387625652259274i,4.831271985222605e-09+0.0i,"[80,0.379,0.6,0.85,True,300,10,10]",0.379,7.2267255902884715,-0.9387625652259274,4.831271985222605e-09,0.0
315,1.491128999674515,-0.0133511701299285,55.84263346071575,0.9236579151444156,-0.6077173668500143+0.6955742564513249i,2.1450997061598872e-05+0.0i,"[80,0.379,0.6,0.85,True,300,10,10]",0.379,-0.6077173668500143,0.6955742564513249,2.1450997061598872e-05,0.0
316,1.2151955538786972,-0.0096760728917737,62.79384040770384,0.0403083945454846,0.014928038453023809-0.03744222668030702i,0.00017888829481737764+0.0i,"[80,0.379,0.6,0.85,True,300,10,10]",0.379,0.014928038453023809,-0.03744222668030702,0.00017888829481737764,0.0
317,1.3669410333928589,-0.0001859592262751,3675.378363238486,7.148714921067041,-6.233790120746071-3.499140716400991i,8.118543975331803e-10+0.0i,"[80,0.379,0.6,0.85,True,300,10,10]",0.379,-6.233790120746071,-3.499140716400991,8.118543975331803e-10,0.0
318,1.3751214665807296,-0.0001025722558525,6703.184282879888,7.292927348878194,-7.232431525558231+0.9374025518031078i,1.574126164406067e-10+0.0i,"[80,0.379,0.6,0.85,True,300,10,10]",0.379,-7.232431525558231,0.9374025518031078,1.574126164406067e-10,0.0
319,1.233848527883259,-0.0056305991833637,109.56636120795147,0.058560318503374696,-0.017807907346503293+0.05578699973250975i,3.3753374640335356e-05+0.0i,"[80,0.386,0.6,0.85,True,300,10,10]",0.386,-0.017807907346503293,0.05578699973250975,3.3753374640335356e-05,0.0
320,1.3672451219255948,-0.000185542535917,3684.4519645255546,7.139737871758988,-6.260396436468349-3.4326801971176923i,2.61093716741339e-09+0.0i,"[80,0.386,0.6,0.85,True,300,10,10]",0.386,-6.260396436468349,-3.4326801971176923,2.61093716741339e-09,0.0
321,1.3751197888634268,-0.0001026826102587,6695.972109584104,7.276760929235008,7.217335555014817-0.9280717146643996i,2.1492469303341623e-09+0.0i,"[80,0.386,0.6,0.85,True,300,10,10]",0.386,7.217335555014817,-0.9280717146643996,2.1492469303341623e-09,0.0
322,1.220137851646104,-0.0057567494199156,105.9745494067358,0.0119656067292499,0.010878016945417452-0.004984424915101347i,0.00020754448066042673+0.0i,"[80,0.386,0.6,0.85,True,300,10,10]",0.386,0.010878016945417452,-0.004984424915101347,0.00020754448066042673,0.0
323,1.367247999291406,-0.0001833464751979,3728.590903683693,7.128655696246127,-6.241258781019461+3.444476863613664i,4.7442926850208245e-09+0.0i,"[80,0.386,0.6,0.85,True,300,10,10]",0.386,-6.241258781019461,3.444476863613664,4.7442926850208245e-09,0.0
324,1.3751222680602802,-0.0001006970758331,6828.0148985576325,7.259666967246087,-7.202643882534864-0.9081220054084723i,4.545529142225066e-09+0.0i,"[80,0.386,0.6,0.85,True,300,10,10]",0.386,-7.202643882534864,-0.9081220054084723,4.545529142225066e-09,0.0
325,1.4889861092763872,-0.0145509707404642,51.16449396519363,1.278191400296793,0.3917443118883447-1.2166797647268586i,4.167505301012796e-06+0.0i,"[80,0.386,0.6,0.85,True,300,10,10]",0.386,0.3917443118883447,-1.2166797647268586,4.167505301012796e-06,0.0
326,1.234163208817734,-0.0060500006243919,101.9969488798006,0.045450049118505705,-0.018417229218864305+0.04155132528300863i,4.536583266497295e-05+0.0i,"[80,0.393,0.6,0.85,True,300,10,10]",0.393,-0.018417229218864305,0.04155132528300863,4.536583266497295e-05,0.0
327,1.367364390929333,-0.0001796153650977,3806.3680971422255,7.10450137835389,-6.223514459042074+3.4266321093935033i,7.531461052910808e-09+0.0i,"[80,0.393,0.6,0.85,True,300,10,10]",0.393,-6.223514459042074,3.4266321093935033,7.531461052910808e-09,0.0
328,1.3749791163341814,-0.0001075240449378,6393.8215732533845,7.301387985296621,7.248837279132047+0.8744281631439804i,7.084811840513727e-09+0.0i,"[80,0.393,0.6,0.85,True,300,10,10]",0.393,7.248837279132047,0.8744281631439804,7.084811840513727e-09,0.0
329,1.4887425722219327,-0.0141586165749993,52.57373007934567,1.2190505144866104,-0.5117382682263835+1.1064393800397432i,5.881290503439063e-06+0.0i,"[80,0.393,0.6,0.85,True,300,10,10]",0.393,-0.5117382682263835,1.1064393800397432,5.881290503439063e-06,0.0
330,1.2317877056487334,-0.0045716270295526,134.72093170396568,0.0023626724998489,-0.0021474386369228302+0.0009852556227667778i,6.0571720201210816e-05+0.0i,"[80,0.393,0.6,0.85,True,300,10,10]",0.393,-0.0021474386369228302,0.0009852556227667778,6.0571720201210816e-05,0.0
331,1.2384595667359177,-0.0082415373784986,75.13522719480287,0.060586510962868,0.04820989716655008+0.03669511038059976i,8.760097757131596e-05+0.0i,"[80,0.393,0.6,0.85,True,300,10,10]",0.393,0.04820989716655008,0.03669511038059976,8.760097757131596e-05,0.0
332,1.367361861720609,-0.0001839290991734,3717.0895412009336,7.131765915050017,-6.255322348242141-3.425350695425451i,3.0573142739782853e-09+0.0i,"[80,0.393,0.6,0.85,True,300,10,10]",0.393,-6.255322348242141,-3.425350695425451,3.0573142739782853e-09,0.0
333,1.3749803274343817,-0.0001033781343505,6650.247347144663,7.273843586366262,-7.222608598413166+0.8618152661967626i,2.7002026348185895e-09+0.0i,"[80,0.393,0.6,0.85,True,300,10,10]",0.393,-7.222608598413166,0.8618152661967626,2.7002026348185895e-09,0.0
334,1.487886836014567,-0.0142632306199103,52.15812867589728,1.3562544083568056,0.24560110780032482-1.3338313671654756i,1.4872858716973094e-05+0.0i,"[80,0.393,0.6,0.85,True,300,10,10]",0.393,0.24560110780032482,-1.3338313671654756,1.4872858716973094e-05,0.0
